id,content,count
1,疫情,414
2,核酸检测,120
3,医院,114
4,核酸,105
5,候诊,94
6,防控,86
7,人员,64
8,开放,60
9,采样,59
10,吉林,54
11,发热,54
12,门诊,54
13,工作,52
14,西安,51
15,上海,47
16,小区,45
17,加油,44
18,小时,44
19,时间,43
20,][,42
21,确诊病例,42
22,含,41
23,数量,40
24,人数,40
25,希望,36
26,真的,36
27,隔离,35
28,结束,32
29,长春,31
30,青岛,30
31,单位,30
32,天津市,30
33,做好,29
34,阴性,28
35,确诊,28
36,通知,27
37,配合,27
38,相关,27
39,报告,27
40,西安市,27
41,学校,26
42,中心,26
43,中医药,26
44,吃,25
45,深圳,25
46,健康,25
47,情况,25
48,北京,25
49,人民,25
50,检测,25
51,科技,24
52,证明,24
53,新增,24
54,出行,24
55,市民,24
56,信息,23
57,新冠肺炎,23
58,社区,23
59,本土,22
60,48,22
61,居家,22
62,生活,21
63,防疫,21
64,收到,21
65,时空,21
66,居民,21
67,允悲,21
68,四,21
69,地区,21
70,暂停,20
71,期间,20
72,全员,20
73,抗疫,20
74,指挥部,20
75,发布,20
76,阳性,20
77,妈妈,20
78,安排,20
79,农业,19
80,学院,19
81,全市,19
82,本轮,19
83,中国,19
84,新冠,18
85,学生,18
86,陕西省,18
87,关注,18
88,短信,18
89,新闻,18
90,[泪,18
91,大学,18
92,发布会,17
93,记者,17
94,服务,17
95,出入,17
96,区,17
97,拳头,16
98,出门,16
99,市,16
100,实行,16
101,管理,16
102,近期,16
103,感觉,16
104,轮,16
105,口罩,15
106,doge,15
107,伴随者,15
108,政策,15
109,就诊,15
110,青春,14
111,苦涩,14
112,风险,14
113,管控,14
114,措施,14
115,悲伤,14
116,春天,14
117,封,14
118,患者,14
119,凌晨,13
120,微博,13
121,感冒,13
122,代表,13
123,感染者,13
124,莱西,13
125,免费,13
126,发展,13
127,排队,13
128,快点,12
129,酒店,12
130,图书馆,12
131,村,12
132,岁,12
133,朋友,12
134,超话,12
135,发现,12
136,症状,12
137,防护,12
138,寅,12
139,文,12
140,天津,12
141,大爷,12
142,占,11
143,交通,11
144,恢复,11
145,日子,11
146,密切接触者,11
147,长春市,11
148,身份证,11
149,全国,11
150,支持,11
151,队伍,11
152,旅客,11
153,莲湖区,11
154,感染,11
155,公共,11
156,专家,11
157,吉林市,11
158,九台,11
159,三年,10
160,下午,10
161,排查,10
162,电话,10
163,密接,10
164,美国,10
165,回家,10
166,封闭式,10
167,启动,10
168,停止,10
169,陕西,10
170,2022年,10
171,创新,10
172,爸爸,10
173,提示,10
174,主动,10
175,医科,10
176,列车,10
177,市级,10
178,专家组,10
179,诊断,10
180,快快,9
181,城市,9
182,落实,9
183,努力,9
184,区域,9
185,疾控,9
186,时光,9
187,表妹,9
188,通告,9
189,中药,9
190,泪],9
191,米,9
192,新区,9
193,居住地,9
194,平安,9
195,玩,9
196,物资,9
197,宝鸡,9
198,工作人员,9
199,保障,9
200,美好,8
201,车站,8
202,传播,8
203,甘肃,8
204,微信,8
205,最新,8
206,害怕,8
207,搞,8
208,孩子,8
209,不行,8
210,上海市,8
211,接触,8
212,记录,8
213,控制,8
214,赶紧,8
215,消息,8
216,国家,8
217,地点,8
218,天天,8
219,朝阳区,8
220,伯礼,8
221,中医,8
222,身边,8
223,开心,8
224,早上,8
225,乘坐,8
226,居住,8
227,坐,8
228,机构,8
229,告知,8
230,医疗,8
231,第三,8
232,高新区,8
233,病毒,8
234,戴,8
235,企业,8
236,办理,8
237,四点,7
238,形势,7
239,扩散,7
240,监测,7
241,各项,7
242,资源,7
243,动态,7
244,咨询,7
245,依旧,7
246,可怜,7
247,抓狂,7
248,升级,7
249,期待,7
250,三轮,7
251,事项,7
252,办公,7
253,运营,7
254,流动,7
255,质量,7
256,本次,7
257,应检,7
258,快递,7
259,显示,7
260,失望,7
261,停课,7
262,参加,7
263,传承,7
264,政府,7
265,重点,7
266,药,7
267,这是,7
268,封闭,7
269,业务,7
270,身体,7
271,上班,7
272,悲],7
273,铁路,7
274,？？？,7
275,应对,7
276,地址,7
277,买,7
278,72,7
279,筛查,7
280,新型,7
281,封校,7
282,连续,7
283,公司,7
284,等待,7
285,公告,7
286,提前,7
287,儿童,7
288,快乐,7
289,附属,7
290,提醒,7
291,调整,7
292,预约,7
293,[心,7
294,退票,7
295,轻型,7
296,香港,6
297,女,6
298,获悉,6
299,网站,6
300,官方,6
301,公众号,6
302,同事,6
303,吃瓜,6
304,困],6
305,偶屋,6
306,早日,6
307,外婆,6
308,视频,6
309,蔓延,6
310,鲜花,6
311,生命,6
312,山东省,6
313,莱西市,6
314,加班,6
315,本来,6
316,时隔,6
317,楼下,6
318,[笑cry,6
319,疫苗,6
320,组织,6
321,医护,6
322,新冠病毒,6
323,儿子,6
324,份,6
325,这不,6
326,数据,6
327,城区,6
328,碑林区,6
329,曲江,6
330,远,6
331,奥密克戎,6
332,任期,6
333,尹,6
334,锡悦,6
335,总统,6
336,主城区,6
337,冠状,6
338,办公室,6
339,院区,6
340,34,6
341,市中心,6
342,吉林省,6
343,海淀区,6
344,增加,6
345,无语,6
346,故乡,6
347,停业,6
348,吐痰,6
349,美,6
350,开会,6
351,2020年,5
352,喝,5
353,刷,5
354,走,5
355,返,5
356,就近,5
357,线上,5
358,分钟,5
359,不用,5
360,早餐,5
361,上学,5
362,营业,5
363,主任,5
364,实在,5
365,散发,5
366,机关,5
367,企事业,5
368,必检,5
369,落,5
370,消失,5
371,杭州,5
372,教资,5
373,场所,5
374,考试,5
375,教育,5
376,原因,5
377,部门,5
378,交集,5
379,吹,5
380,抗击,5
381,紧急,5
382,关键,5
383,研究,5
384,世界,5
385,力量,5
386,警察,5
387,站,5
388,播报,5
389,安保,5
390,挺,5
391,经历,5
392,须持,5
393,西站,5
394,志愿者,5
395,外面,5
396,截止,5
397,到访,5
398,客运,5
399,乘车,5
400,提供,5
401,😷,5
402,轨迹,5
403,就医,5
404,去年,5
405,日常,5
406,简单,5
407,飞机,5
408,感谢,5
409,领导,5
410,治疗,5
411,医务,5
412,每日,5
413,12日,5
414,证件,5
415,时段,5
416,聚集,5
417,高风险,5
418,滨海,5
419,武清区,5
420,134,5
421,停运,5
422,耽误,5
423,距离,5
424,一律,5
425,封楼,5
426,妈,5
427,第285,5
428,建议,5
429,车票,5
430,病,5
431,计划,5
432,流行,5
433,男,5
434,宝鸡市,5
435,教育局,5
436,公布,5
437,隐瞒,5
438,车辆,5
439,保护,5
440,放假,4
441,节日,4
442,半天,4
443,原则,4
444,查验,4
445,陪,4
446,衰],4
447,❌,4
448,相见,4
449,副,4
450,上沙,4
451,关心,4
452,库存,4
453,山东,4
454,黑线,4
455,为啥,4
456,！！！,4
457,顺丰,4
458,这下,4
459,卷土重来,4
460,上次,4
461,年纪,4
462,致敬,4
463,厉害,4
464,第五,4
465,[裂,4
466,申请,4
467,考试院,4
468,昨天,4
469,临时,4
470,家园,4
471,应急,4
472,响应,4
473,流调,4
474,人大,4
475,传统,4
476,发挥,4
477,事业,4
478,战胜,4
479,状态,4
480,群众,4
481,医学,4
482,解决,4
483,部队,4
484,终于,4
485,依然,4
486,职业,4
487,选择,4
488,2021年,4
489,懂,4
490,听到,4
491,带,4
492,下班,4
493,8时,4
494,🙏🙏,4
495,爱,4
496,🌿🌿,4
497,特么,4
498,微笑,4
499,富顿,4
500,裂开,4
501,班线,4
502,客运站,4
503,媒体,4
504,北京市,4
505,过程,4
506,带来,4
507,伴随,4
508,工具,4
509,一码通,4
510,800,4
511,程度,4
512,人群,4
513,紧张,4
514,干咳,4
515,鼻塞,4
516,流涕,4
517,乏力,4
518,咽痛,4
519,减退,4
520,温暖,4
521,影响,4
522,火车,4
523,住,4
524,开学季,4
525,大白,4
526,✈️,4
527,韩联社,4
528,外交,4
529,立场,4
530,开启,4
531,无奈,4
532,瞬间,4
533,钱,4
534,迎来,4
535,有序,4
536,全程,4
537,报备,4
538,辖区,4
539,公众,4
540,定时,4
541,1.,4
542,总医院,4
543,4.,4
544,40,4
545,辛苦,4
546,同学,4
547,公寓,4
548,火车站,4
549,进出,4
550,戳,4
551,↓↓↓,4
552,出入证,4
553,开行,4
554,须知,4
555,核验,4
556,诊室,4
557,住院,4
558,传言,4
559,一中,4
560,🙏,4
561,海淀,4
562,肺炎疫情防控,4
563,完毕,4
564,想到,4
565,波,4
566,张雄,4
567,女神节,4
568,零时,4
569,好转,4
570,教学,4
571,季节性,4
572,英国,4
573,统计,4
574,流感,4
575,队,4
576,热搜,4
577,求助,4
578,生物,4
579,开具,4
580,🏼‍,4
581,♀️,4
582,窗户,4
583,太原,4
584,教委,4
585,飞,4
586,速度,3
587,吐槽,3
588,早点,3
589,享受,3
590,离谱,3
591,服从,3
592,难过,3
593,醒来,3
594,马路,3
595,多久,3
596,机场,3
597,宾馆,3
598,35,3
599,读者,3
600,免除,3
601,文献,3
602,逾期费,3
603,数字,3
604,照常,3
605,门户,3
606,疑问,3
607,拨打,3
608,029-85397162,3
609,穿,3
610,睡裤,3
611,五十,3
612,夜班,3
613,对话,3
614,固有,3
615,重于,3
616,泰山,3
617,轻于鸿毛,3
618,躲,3
619,劝人,3
620,跪,3
621,瓜],3
622,猪头,3
623,磨人,3
624,未央,3
625,完发,3
626,证否,3
627,工作日,3
628,一会,3
629,做去,3
630,统一,3
631,跨区,3
632,🎒,3
633,力争,3
634,辩[,3
635,算了,3
636,迟到,3
637,睡下,3
638,防管控,3
639,明日,3
640,更新,3
641,DZDP,3
642,抱抱,3
643,ouur,3
644,头疼,3
645,摊手,3
646,]😮,3
647,‍💨,3
648,次密,3
649,接#,3
650,吴,3
651,寰宇,3
652,三点,3
653,清明节,3
654,暂时,3
655,扫墓,3
656,…疫,3
657,情😷,3
658,康复,3
659,😭,3
660,外公,3
661,定居,3
662,[汗,3
663,舅舅,3
664,蛮,3
665,回国,3
666,终究,3
667,短暂,3
668,偷来,3
669,总归,3
670,叭[,3
671,浪费,3
672,～[,3
673,微风,3
674,]🌸,3
675,19年,3
676,12月-22年,3
677,校,3
678,党委,3
679,负责人,3
680,查,3
681,严查,3
682,烦人,3
683,只能,3
684,好多,3
685,在意,3
686,县级市,3
687,代管莱西,3
688,前一天,3
689,]连,3
690,轴转,3
691,2月份,3
692,工时,3
693,6.5,3
694,月初,3
695,饱和性,3
696,累趴,3
697,松,3
698,趟,3
699,勒,3
700,挺慌,3
701,班,3
702,宿舍,3
703,校区,3
704,传来,3
705,同心,3
706,携手,3
707,春,3
708,疫,3
709,走[,3
710,没事,3
711,热爱,3
712,抱怨,3
713,祖国,3
714,沧州,3
715,随便,3
716,考生,3
717,退费,3
718,延期,3
719,怀念,3
720,解释,3
721,破涕,3
722,笑],3
723,真心,3
724,鸿博,3
725,一区,3
726,第一时间,3
727,机制,3
728,两会,3
729,助力,3
730,指出,3
731,推进,3
732,综合,3
733,采访,3
734,中西医,3
735,技术,3
736,新药,3
737,研发,3
738,早期,3
739,实验室,3
740,模式,3
741,一线,3
742,介绍,3
743,经验,3
744,无论是,3
745,改造,3
746,证据,3
747,需求,3
748,差距,3
749,永远,3
750,正式,3
751,人民警察,3
752,守护,3
753,一家,3
754,环境,3
755,焦虑,3
756,棒,3
757,干,3
758,心疼,3
759,公安,3
760,忙,3
761,肿瘤,3
762,担心,3
763,珍惜,3
764,心情,3
765,星期五,3
766,国际,3
767,一共,3
768,明天,3
769,喷,3
770,不当,3
771,？？,3
772,感受,3
773,意义,3
774,街道,3
775,通州,3
776,隔壁,3
777,七,3
778,进站,3
779,询问,3
780,严禁,3
781,报业,3
782,武汉,3
783,郑州,3
784,玩意,3
785,卫生,3
786,舞蹈,3
787,一对,3
788,黄码,3
789,停留,3
790,重合,3
791,回应,3
792,操作,3
793,责任人,3
794,三月,3
795,光环,3
796,安心,3
797,敬请,3
798,百年,3
799,自然,3
800,公园,3
801,停,3
802,可爱,3
803,我家,3
804,好不容易,3
805,和平,3
806,惦记,3
807,决心,3
808,极限,3
809,二哈,3
810,今起,3
811,事宜,3
812,星期四,3
813,手机,3
814,现场,3
815,中高风险,3
816,发烧,3
817,佩戴,3
818,瞒报,3
819,谎报,3
820,依法,3
821,追究,3
822,责任,3
823,旅居史,3
824,市场,3
825,尽检,3
826,家庭,3
827,家里,3
828,5.,3
829,7.,3
830,联勤,3
831,33,3
832,37,3
833,38,3
834,39,3
835,宝坻区,3
836,蓟州区,3
837,南开,3
838,详情,3
839,今日,3
840,集团,3
841,行程,3
842,12306,3
843,客服,3
844,预检,3
845,楼,3
846,满满,3
847,正能量,3
848,下楼,3
849,踏上,3
850,保安,3
851,生病,3
852,♂️,3
853,退休,3
854,。。。,3
855,来源,3
856,时刻,3
857,后续,3
858,巡演,3
859,痛,3
860,早起,3
861,终止,3
862,死亡率,3
863,普通型,3
864,外省,3
865,小杨,3
866,烤肉,3
867,东新街,3
868,店,3
869,经济,3
870,跌,3
871,威武,3
872,鼻子,3
873,网课,3
874,包,3
875,防治,3
876,星期,3
877,药物,3
878,开门,3
879,！！,3
880,出租车,3
881,返回,3
882,瑞丽,3
883,照片,3
884,扔,3
885,垃圾,3
886,事变,3
887,纪念馆,3
888,基本面,3
889,社会,3
890,聚餐,3
891,广告,3
892,购,2
893,call,2
894,太阳,2
895,自由,2
896,拼命,2
897,压力,2
898,座,2
899,季节,2
900,第3,2
901,频发,2
902,严峻,2
903,登记,2
904,测温,2
905,阻断,2
906,降低,2
907,本该,2
908,困住,2
909,救治,2
910,面对,2
911,高度,2
912,聚集性,2
913,开],2
914,中小学,2
915,流程,2
916,浪漫,2
917,走过,2
918,告诉,2
919,朝阳,2
920,外地,2
921,返京,2
922,疾病,2
923,果断,2
924,处置,2
925,加快,2
926,点位,2
927,2022,2
928,张伯礼,2
929,推动,2
930,精髓,2
931,深度,2
932,融合,2
933,作用,2
934,团队,2
935,利用,2
936,组分,2
937,科研,2
938,筛选,2
939,成功,2
940,原创,2
941,理念,2
942,特色,2
943,百姓,2
944,价值,2
945,提升,2
946,能力,2
947,新时代,2
948,战略,2
949,人才,2
950,建设,2
951,优势,2
952,贡献,2
953,老人,2
954,记得,2
955,陪伴,2
956,无数,2
957,笑,2
958,始终,2
959,坚定,2
960,发生,2
961,宿豫,2
962,分局,2
963,情指,2
964,专业,2
965,人生,2
966,陈,2
967,适合,2
968,电脑,2
969,进出港,2
970,长春站,2
971,龙嘉站,2
972,龙嘉,2
973,进出站,2
974,港,2
975,长春e,2
976,击垮,2
977,庆幸,2
978,毒圈,2
979,家乡,2
980,作战,2
981,没完没了,2
982,113,2
983,长大,2
984,核酸点,2
985,满课,2
986,聚众,2
987,费,2
988,殃[,2
989,闵行,2
990,栏杆,2
991,决赛圈,2
992,救救,2
993,主管,2
994,运输,2
995,管理处,2
996,街道办,2
997,首席,2
998,梁,2
999,璠,2
1000,期望,2
1001,。。,2
1002,人类,2
1003,上午,2
1004,推,2
1005,睡,2
1006,夫妻,2
1007,网友,2
1008,锻炼,2
1009,正确,2
1010,做法,2
1011,慌,2
1012,空,2
1013,其间,2
1014,逾期,2
1015,赋,2
1016,同一个,2
1017,空间,2
1018,网格,2
1019,通俗,2
1020,到过,2
1021,某地,2
1022,擦肩而过,2
1023,通信,2
1024,信号,2
1025,漂移,2
1026,认定,2
1027,潜在,2
1028,纳入,2
1029,关口,2
1030,接到,2
1031,标记,2
1032,间接,2
1033,重视,2
1034,入住,2
1035,嗅,2
1036,味,2
1037,医生,2
1038,途中,2
1039,履行,2
1040,义务,2
1041,齐心协力,2
1042,呼吁,2
1043,遵守,2
1044,增,2
1045,扬州,2
1046,集训,2
1047,苏州,2
1048,南非,2
1049,野生,2
1050,历史,2
1051,卫星,2
1052,4例,2
1053,76,2
1054,无症状感染者,2
1055,刀口,2
1056,舔血,2
1057,销售,2
1058,贴纸,2
1059,喜,2
1060,时代,2
1061,喜欢,2
1062,大清早,2
1063,该死,2
1064,憋死,2
1065,🏘️,2
1066,溜达,2
1067,高铁,2
1068,🚄,2
1069,#文,2
1070,韩媒,2
1071,当选,2
1072,韩国,2
1073,接近,2
1074,尾声,2
1075,剩,2
1076,卸任,2
1077,手头,2
1078,权力,2
1079,交接,2
1080,精力,2
1081,课题,2
1082,报道,2
1083,剩余,2
1084,议题,2
1085,分歧,2
1086,朝鲜,2
1087,半岛,2
1088,进程,2
1089,无疑,2
1090,受阻,2
1091,寅将,2
1092,协调,2
1093,保证,2
1094,混乱,2
1095,海外网,2
1096,朋友们,2
1097,何其,2
1098,有幸,2
1099,中华,2
1100,点亮,2
1101,万家灯火,2
1102,中航,2
1103,52h,2
1104,14d,2
1105,21d,2
1106,万般,2
1107,击碎,2
1108,卖命,2
1109,粗略,2
1110,受害者,2
1111,资本家,2
1112,扎扎,2
1113,救援,2
1114,墨习,2
1115,作日,2
1116,记],2
1117,第六日,2
1118,桃之夭夭,2
1119,国画,2
1120,身处,2
1121,学子,2
1122,寒心,2
1123,]早,2
1124,[费,2
1125,解],2
1126,开车,2
1127,生意,2
1128,阳光,2
1129,食堂,2
1130,警戒,2
1131,抗议,2
1132,日记,2
1133,如意,2
1134,第20,2
1135,+次,2
1136,深漂,2
1137,慢长,2
1138,下沙村,2
1139,隐患,2
1140,∶,2
1141,星期六,2
1142,镇,2
1143,为准,2
1144,携带,2
1145,身份,2
1146,到达,2
1147,指引,2
1148,高新人员,2
1149,接种,2
1150,咳嗽,2
1151,间隔,2
1152,交谈,2
1153,扰乱,2
1154,秩序,2
1155,伪造,2
1156,法律,2
1157,所在镇,2
1158,账号,2
1159,查询,2
1160,纸质,2
1161,尽义务,2
1162,商超,2
1163,宣传,2
1164,相互,2
1165,漏,2
1166,扎实,2
1167,小组,2
1168,妇幼,2
1169,保健院,2
1170,冠初,2
1171,筛,2
1172,通报,2
1173,渠道,2
1174,骑,2
1175,拆,2
1176,必胜,2
1177,心],2
1178,伤心,2
1179,14时,2
1180,6时,2
1181,泰达,2
1182,解放军,2
1183,第983,2
1184,马场,2
1185,南开区,2
1186,第四,2
1187,分院,2
1188,空港,2
1189,接诊,2
1190,东丽,2
1191,西青,2
1192,龙岩,2
1193,36,2
1194,北辰区,2
1195,北辰,2
1196,43,2
1197,宁河区,2
1198,静海区,2
1199,传染病,2
1200,胸科,2
1201,52,2
1202,口腔,2
1203,眼科,2
1204,32,2
1205,公里,2
1206,毁灭,2
1207,外卖,2
1208,同志,2
1209,都会,2
1210,九,2
1211,转需,2
1212,西安局,2
1213,有限,2
1214,下图,2
1215,实名制,2
1216,急诊,2
1217,分诊,2
1218,出示,2
1219,行程码,2
1220,流行病,2
1221,学史,2
1222,体温,2
1223,扫码,2
1224,程序,2
1225,挂号,2
1226,院,2
1227,嗅觉,2
1228,味觉,2
1229,丧失,2
1230,伴有,2
1231,结膜炎,2
1232,肌痛,2
1233,腹泻,2
1234,封控区,2
1235,管控区,2
1236,急危重症,2
1237,体征,2
1238,发病,2
1239,健康码,2
1240,病区,2
1241,禁止,2
1242,「,2
1243,年头,2
1244,🙏┍,2
1245,良┑,2
1246,情✊,2
1247,┆,2
1248,木┆,2
1249,福气,2
1250,┆家,2
1251,┆共,2
1252,情💗,2
1253,┕具,2
1254,┙☎,2
1255,𝑽,2
1256,𝒊𝒑,2
1257,𝑳𝒊,2
1258,𝒏𝒆,2
1259,400-612-0056,2
1260,良木,2
1261,家具,2
1262,传递,2
1263,103,2
1264,全城,2
1265,捏主,2
1266,活轩,2
1267,声势浩大,2
1268,造访,2
1269,以不容拒绝,2
1270,姿态,2
1271,这块,2
1272,土地,2
1273,随之而来,2
1274,未曾,2
1275,数不胜数,2
1276,凡尘,2
1277,俗世,2
1278,你来我往,2
1279,纷纷扰扰,2
1280,难以,2
1281,回避,2
1282,优雅,2
1283,逃避,2
1284,活力,2
1285,芭杆,2
1286,上头,2
1287,纯nt,2
1288,忙活,2
1289,堆,2
1290,颐指气使,2
1291,瞅给,2
1292,充裕,2
1293,素颜,2
1294,睫毛,2
1295,按下,2
1296,暂停键,2
1297,春暖花开[,2
1298,送,2
1299,花花]🌸,2
1300,早高峰,2
1301,搜,2
1302,忘记,2
1303,尤其是,2
1304,7点,2
1305,起床,2
1306,!,2
1307,战招,2
1308,必回,2
1309,副区长,2
1310,林航,2
1311,20日,2
1312,北三环,2
1313,西路,2
1314,43号,2
1315,西二旗,2
1316,中路,2
1317,33号,2
1318,晚报,2
1319,黄岛,2
1320,差劲,2
1321,位置,2
1322,🤷‍,2
1323,打听,2
1324,小道,2
1325,知名,2
1326,县城,2
1327,出名,2
1328,想象,2
1329,身在,2
1330,他乡,2
1331,亲人,2
1332,悄悄,2
1333,来到,2
1334,高中,2
1335,每次,2
1336,打电话,2
1337,制度,2
1338,频频,2
1339,费用,2
1340,200,2
1341,全民,2
1342,葛明华,2
1343,黄,2
1344,蛟河,2
1345,售票,2
1346,票,2
1347,一同,2
1348,天下,2
1349,健身房,2
1350,熬,2
1351,乐队,2
1352,抱歉,2
1353,济南,2
1354,演出,2
1355,谢谢,2
1356,解封,2
1357,餐厅,2
1358,坐标,2
1359,春暖花开,2
1360,轨道,2
1361,15时,2
1362,姐姐,2
1363,超级,2
1364,开玩笑,2
1365,未央区,2
1366,校园,2
1367,春日,2
1368,突发,2
1369,手里,2
1370,基金,2
1371,跑步,2
1372,字,2
1373,话筒,2
1374,精神,2
1375,难听,2
1376,精神病,2
1377,新知,2
1378,博主,2
1379,类似,2
1380,趋势,2
1381,为时尚早,2
1382,低于,2
1383,降,2
1384,谈,2
1385,接种率,2
1386,现实,2
1387,马虎,2
1388,落地,2
1389,找,2
1390,听说,2
1391,异常,2
1392,上网,2
1393,拉,2
1394,东北,2
1395,思考,2
1396,梦,2
1397,大半,2
1398,化妆,2
1399,皮肤,2
1400,心态,2
1401,call],2
1402,执勤,2
1403,随地,2
1404,危险,2
1405,嗓子痒,2
1406,下次,2
1407,纸,2
1408,痰,2
1409,吐沫,2
1410,说话,2
1411,闭嘴,2
1412,知情,2
1413,人士,2
1414,干部,2
1415,emmm,2
1416,抹黑,2
1417,帮忙,2
1418,家人,2
1419,结核病,2
1420,出院,2
1421,治好,2
1422,关门,2
1423,抗结核,2
1424,小镇,2
1425,本地人,2
1426,照旧,2
1427,街边,2
1428,长廊,2
1429,谈天说地,2
1430,消磨,2
1431,父子,2
1432,透,2
1433,透气,2
1434,大妈,2
1435,在售,2
1436,蔬菜,2
1437,🥬,2
1438,😷快,2
1439,联合国,2
1440,安理会,2
1441,起源,2
1442,调查,2
1443,资助,2
1444,乌克兰,2
1445,罪魁祸首,2
1446,俄,2
1447,实施,2
1448,军事,2
1449,材料,2
1450,俄军,2
1451,抛出,2
1452,乌生物,2
1453,实验,2
1454,重磅,2
1455,蝙蝠,2
1456,病原体,2
1457,参与,2
1458,行政,2
1459,市里,2
1460,民生,2
1461,超市,2
1462,药店,2
1463,特需,2
1464,门店,2
1465,公交,2
1466,地铁,2
1467,每户,2
1468,外出,2
1469,采购,2
1470,持证,2
1471,干警,2
1472,准时,2
1473,家中,2
1474,执行,2
1475,解除,2
1476,人民网,2
1477,频道,2
1478,不言而喻,2
1479,利益,2
1480,凌驾,2
1481,众人,2
1482,之上,2
1483,下场,2
1484,[哼,2
1485,#派,2
1486,支援队,2
1487,严实,2
1488,嘚瑟,2
1489,老师们,2
1490,年龄,2
1491,农学院,2
1492,兰州,2
1493,鼻拭子,2
1494,好说,2
1495,排半天队,2
1496,插队,2
1497,下头,2
1498,😓,2
1499,经开区,2
1500,0432：63058866,2
1501,市长,2
1502,热线,2
1503,12345,2
1504,他妈,2
1505,七点,2
1506,到校,2
1507,上课,2
1508,中午,2
1509,饭,2
1510,八点,2
1511,]P1,2
1512,陷入,2
1513,颜,2
1514,00,2
1515,190,2
1516,弟弟,2
1517,dew[,2
1518,心]P2,2
1519,店长,2
1520,🍰P3,2
1521,💇,2
1522,💇🏼,2
1523,‍♀,2
1524,️💇,2
1525,P4,2
1526,翻到,2
1527,迷雾,2
1528,笼罩,2
1529,闹市,2
1530,车水马龙,2
1531,月亮,2
1532,第65,2
1533,A股,2
1534,回归,2
1535,走开,2
1536,笑哈哈,2
1537,接种疫苗,2
1538,0时,2
1539,自我,2
1540,危机,2
1541,翻,2
1542,愤怒,2
1543,嘴,2
1544,高中生,2
1545,聚会,2
1546,渭滨区,2
1547,桥南街道,2
1548,权利,2
1549,自救,2
1550,content,1
1551,🗣,1
1552,餐,1
1553,松江,1
1554,超越,1
1555,上线,1
1556,下课,1
1557,睡成,1
1558,植物人,1
1559,破,1
1560,威海,1
1561,南山,1
1562,爬个山,1
1563,难受,1
1564,😣,1
1565,大南山,1
1566,女神们,1
1567,约会,1
1568,[打,1
1569,汉子,1
1570,[awsl],1
1571,假期,1
1572,翟总,1
1573,赞助,1
1574,说服,1
1575,见木,1
1576,杯,1
1577,拿铁,1
1578,咖啡师,1
1579,愉快,1
1580,聊,1
1581,收获,1
1582,呼吸,1
1583,摆烂,1
1584,各校,1
1585,引以为戒,1
1586,视,1
1587,性命,1
1588,草芥,1
1589,感动,1
1590,存在感,1
1591,分发,1
1592,无脑,1
1593,满脑子,1
1594,评优,1
1595,争先,1
1596,报应,1
1597,城,1
1598,想起,1
1599,家待,1
1600,着想,1
1601,悲观,1
1602,高地,1
1603,国内,1
1604,涉及,1
1605,省份,1
1606,从快,1
1607,从紧,1
1608,统筹,1
1609,抓好,1
1610,输入,1
1611,防外溢,1
1612,抵达,1
1613,道路,1
1614,卡口,1
1615,枢纽,1
1616,民宿,1
1617,验码,1
1618,二十,1
1619,山河,1
1620,大海,1
1621,平淡无奇,1
1622,遥不可及,1
1623,周全,1
1624,指责,1
1625,爱心,1
1626,🇨🇳,1
1627,青县,1
1628,玩玩,1
1629,天才,1
1630,层,1
1631,C类,1
1632,7天,1
1633,唯独,1
1634,表现,1
1635,封禁,1
1636,订阅号,1
1637,#吉人,1
1638,自有,1
1639,天相,1
1640,上半年,1
1641,教师,1
1642,资格,1
1643,持续,1
1644,关注省,1
1645,官网,1
1646,提交,1
1647,教育部,1
1648,合格,1
1649,成绩,1
1650,申报,1
1651,集似,1
1652,🔮,1
1653,催生,1
1654,新名词,1
1655,💥,1
1656,相拥,1
1657,‬,1
1658,相逢,1
1659,算[,1
1660,高铁站,1
1661,3月份,1
1662,前10,1
1663,6点,1
1664,第120,1
1665,足够,1
1666,熟悉,1
1667,邬惊雷,1
1668,第121,1
1669,无限期,1
1670,延迟,1
1671,小红门,1
1672,门口,1
1673,拉上,1
1674,警戒线,1
1675,预防,1
1676,京,1
1677,租住地,1
1678,红门,1
1679,蔚立名,1
1680,云观,1
1681,津采,1
1682,声音,1
1683,振兴,1
1684,改革,1
1685,出席,1
1686,十三,1
1687,会议,1
1688,工程院,1
1689,院士,1
1690,接受,1
1691,并重,1
1692,国策,1
1693,加大,1
1694,力度,1
1695,话题,1
1696,指明,1
1697,鼓舞,1
1698,奋进,1
1699,走好,1
1700,行政区,1
1701,牵动,1
1702,应邀,1
1703,出谋划策,1
1704,老药,1
1705,新用,1
1706,化学药,1
1707,国家级,1
1708,平台,1
1709,上市,1
1710,中成药,1
1711,快速,1
1712,活性,1
1713,创建,1
1714,研制,1
1715,宣肺,1
1716,败毒,1
1717,颗粒,1
1718,入选,1
1719,三方,1
1720,开拓,1
1721,思维,1
1722,转化,1
1723,守正,1
1724,科学,1
1725,祖先,1
1726,留给,1
1727,宝贵,1
1728,财富,1
1729,继承,1
1730,宗旨,1
1731,古老,1
1732,经典,1
1733,名方,1
1734,开发,1
1735,产业,1
1736,用上,1
1737,放心,1
1738,瓶颈,1
1739,亟待,1
1740,突破,1
1741,临床,1
1742,完善,1
1743,良莠不齐,1
1744,不容忽视,1
1745,水平,1
1746,现行,1
1747,医药,1
1748,尚未,1
1749,契合,1
1750,实力,1
1751,提高,1
1752,匹配,1
1753,定力,1
1754,持久,1
1755,发力,1
1756,久久,1
1757,功,1
1758,中医学,1
1759,西医学,1
1760,互补,1
1761,老百姓,1
1762,照顾,1
1763,幸福,1
1764,医改,1
1765,难题,1
1766,了不起,1
1767,亲爱,1
1768,冬去春来,1
1769,而立之年,1
1770,年过花甲,1
1771,亲近,1
1772,母子,1
1773,写信,1
1774,2000年,1
1775,转业,1
1776,原本,1
1777,回到,1
1778,值班,1
1779,屈指可数,1
1780,幼小,1
1781,兜兜,1
1782,转转,1
1783,一晃,1
1784,毕业,1
1785,国有,1
1786,银行,1
1787,职员,1
1788,毅然,1
1789,抹,1
1790,藏蓝,1
1791,想要,1
1792,地处,1
1793,三县,1
1794,交界,1
1795,乡镇,1
1796,派出所,1
1797,治安,1
1798,初出茅庐,1
1799,新警,1
1800,手足无措,1
1801,脸上,1
1802,读出,1
1803,疲乏,1
1804,坚信,1
1805,男子汉,1
1806,有担当,1
1807,卫士,1
1808,伊始,1
1809,监管,1
1810,系统,1
1811,工作制,1
1812,电视,1
1813,担忧,1
1814,逆行者,1
1815,职责,1
1816,调入,1
1817,有时候,1
1818,听,1
1819,术语,1
1820,从容不迫,1
1821,能手,1
1822,仿佛,1
1823,当年,1
1824,爸,1
1825,影子,1
1826,自豪,1
1827,2013年,1
1828,不幸,1
1829,甲状腺,1
1830,分心,1
1831,爷儿,1
1832,俩,1
1833,忙碌,1
1834,一等,1
1835,埋怨,1
1836,手术,1
1837,大道理,1
1838,坚强,1
1839,后盾,1
1840,亲朋好友,1
1841,这话,1
1842,磨炼,1
1843,考验,1
1844,目标,1
1845,奋斗,1
1846,辜负,1
1847,党,1
1848,作者,1
1849,江苏省,1
1850,宿迁市,1
1851,公安局,1
1852,四级,1
1853,警长,1
1854,海洋,1
1855,母亲,1
1856,宜玲,1
1857,晒,1
1858,太阳🌞,1
1859,吓人,1
1860,行李,1
1861,🧳,1
1862,💻,1
1863,物业,1
1864,默契,1
1865,Day16,1
1866,终身,1
1867,#🌿,1
1868,劲松,1
1869,办事处,1
1870,a座,1
1871,大峰,1
1872,生死,1
1873,一线天,1
1874,广州,1
1875,北国,1
1876,冬日,1
1877,逃脱,1
1878,困扰,1
1879,命运,1
1880,共同体,1
1881,空话,1
1882,只管,1
1883,前行,1
1884,刚刚,1
1885,十点,1
1886,宝里,1
1887,温馨,1
1888,火车票,1
1889,干干净净,1
1890,奇怪,1
1891,指定,1
1892,重复,1
1893,卫计委,1
1894,健康委,1
1895,文旅,1
1896,上火,1
1897,半夜,1
1898,迷迷糊糊,1
1899,狗哥,1
1900,隐约,1
1901,听见,1
1902,絮叨,1
1903,吃药,1
1904,嗓子,1
1905,絮叨声,1
1906,沉沉,1
1907,爬,1
1908,新婚,1
1909,屏幕,1
1910,笑容,1
1911,赞],1
1912,近日,1
1913,内蒙古,1
1914,呼和浩特,1
1915,90后,1
1916,点赞,1
1917,舞龄,1
1918,妻子,1
1919,丈夫,1
1920,跳舞,1
1921,欢乐,1
1922,👉,1
1923,59,1
1924,二零二二年,1
1925,十号,1
1926,夜晚,1
1927,人性,1
1928,没心没肺,1
1929,胆子,1
1930,照亮,1
1931,无比,1
1932,原定,1
1933,下周一,1
1934,金山,1
1935,邵佳一,1
1936,执教,1
1937,U19,1
1938,男足,1
1939,国青队,1
1940,改为,1
1941,！！！路,1
1942,车,1
1943,早些,1
1944,饱览,1
1945,风光,1
1946,动物园,1
1947,克鲁格,1
1948,辆,1
1949,园内,1
1950,名叫,1
1951,塞拉蒂,1
1952,吊桥,1
1953,节,1
1954,车厢,1
1955,修整,1
1956,摇身一变,1
1957,取名,1
1958,克鲁格·沙拉提,1
1959,开业,1
1960,导致,1
1961,一度,1
1962,停摆,1
1963,经理,1
1964,盖文·费雷拉,1
1965,年底,1
1966,毒株,1
1967,损失,1
1968,20%,1
1969,收入,1
1970,放宽,1
1971,旅行,1
1972,回升,1
1973,日报,1
1974,阿法,1
1975,93,1
1976,中招,1
1977,定位,1
1978,那天,1
1979,疑惑,1
1980,✨,1
1981,老虎,1
1982,老鼠,1
1983,天空,1
1984,☁️,1
1985,蓝好,1
1986,蓝清,1
1987,炒,1
1988,四季豆➕,1
1989,鸡蛋,1
1990,干🥚,1
1991,小晴,1
1992,大厨,1
1993,钟爱,1
1994,卡士,1
1995,酸奶,1
1996,🥛,1
1997,欢螺🍜,1
1998,加臭,1
1999,加辣版,1
2000,肚子,1
2001,烧🔥,1
2002,茶,1
2003,饮料,1
2004,🥤,1
2005,棒棒,1
2006,睡午,1
2007,觉前,1
2008,床头,1
2009,🔆家,1
2010,面包🍞,1
2011,好吃,1
2012,好看,1
2013,袋子,1
2014,慢慢,1
2015,训练,1
2016,痕迹,1
2017,陌生人,1
2018,沙雕,1
2019,Day15,1
2020,喜乐,1
2021,小时候,1
2022,日出,1
2023,莫名其妙,1
2024,爱上,1
2025,日落,1
2026,家属,1
2027,派,1
2028,奉献,1
2029,春游,1
2030,小心,1
2031,思[,1
2032,委屈,1
2033,安慰,1
2034,破防,1
2035,回去,1
2036,sb,1
2037,快滚蛋,1
2038,[水,1
2039,第九,1
2040,亲戚,1
2041,十一点,1
2042,五环,1
2043,外去,1
2044,带星,1
2045,三星,1
2046,打击,1
2047,斗志,1
2048,接通,1
2049,州区,1
2050,万科,1
2051,青青,1
2052,接报,1
2053,点评,1
2054,防不胜防,1
2055,万防,1
2056,手消,1
2057,共享,1
2058,单车,1
2059,酒精,1
2060,毛孩子们,1
2061,爹妈,1
2062,避疫,1
2063,寄,1
2064,躺,1
2065,中枪,1
2066,晚上,1
2067,一家人,1
2068,二哈],1
2069,几百号,1
2070,封城,1
2071,[泪],1
2072,速去,1
2073,奶菲,1
2074,虎爪,1
2075,干饭人,1
2076,突如其来,1
2077,]🙏,1
2078,大港,1
2079,海滨,1
2080,中新,1
2081,生态城,1
2082,10.市,1
2083,11.市,1
2084,12.市,1
2085,13.市,1
2086,14.市,1
2087,疗养,1
2088,黄河,1
2089,三潭,1
2090,王顶堤,1
2091,19.市,1
2092,21.市,1
2093,22.市,1
2094,25.市,1
2095,红桥,1
2096,武警,1
2097,入境,1
2098,东丽区,1
2099,二期,1
2100,32.市,1
2101,海河,1
2102,津南区,1
2103,小站,1
2104,津南,1
2105,35.市,1
2106,41,1
2107,42,1
2108,44,1
2109,45,1
2110,46,1
2111,47,1
2112,塘沽,1
2113,49.市,1
2114,50,1
2115,市第四医院,1
2116,51,1
2117,港口,1
2118,热门,1
2119,诊候,1
2120,诊,1
2121,18时,1
2122,研究院,1
2123,职业病,1
2124,防治院,1
2125,妇产科,1
2126,环湖,1
2127,安定,1
2128,科学院,1
2129,血液病,1
2130,代谢病,1
2131,心血管病,1
2132,150,1
2133,94,1
2134,BBQ,1
2135,祸害人,1
2136,桌上,1
2137,花花👏[,1
2138,破晓,1
2139,正午,1
2140,春寒料峭,1
2141,驻守,1
2142,岗位,1
2143,祝女,1
2144,礼物,1
2145,拉走,1
2146,寝室,1
2147,硬生生,1
2148,耗成,1
2149,不管不顾,1
2150,用意,1
2151,沦陷,1
2152,十一,1
2153,完美,1
2154,万能,1
2155,痊,1
2156,这样子,1
2157,邻居,1
2158,晴天,1
2159,小朋友们,1
2160,友谊,1
2161,通关,1
2162,文牒,1
2163,兵荒马乱,1
2164,通宵,1
2165,奔赴,1
2166,采集点,1
2167,普查,1
2168,零,1
2169,业主群,1
2170,几百,1
2171,via.三,1
2172,秦,1
2173,都市报,1
2174,变化,1
2175,按照市,1
2176,规范,1
2177,扫描,1
2178,老年人,1
2179,查验者,1
2180,实名,1
2181,取号,1
2182,大于,1
2183,37.2,1
2184,症状者,1
2185,诊疗,1
2186,环节,1
2187,涉疫,1
2188,室,1
2189,医,1
2190,患,1
2191,医师,1
2192,如实,1
2193,号,1
2194,等候,1
2195,隔位,1
2196,擅自,1
2197,院请,1
2198,减少,1
2199,陪同,1
2200,项,1
2201,便民,1
2202,包括,1
2203,复印,1
2204,轮椅,1
2205,平车,1
2206,饮用水,1
2207,一站式,1
2208,分诊处,1
2209,上报,1
2210,后果,1
2211,卒中,1
2212,胸痛,1
2213,创伤,1
2214,休克,1
2215,高烧,1
2216,分娩,1
2217,开通,1
2218,绿色,1
2219,通道,1
2220,糖坊街,1
2221,体温≥,1
2222,37.3,1
2223,红码,1
2224,检边,1
2225,治,1
2226,同步,1
2227,采集,1
2228,即可,1
2229,反馈,1
2230,闭环,1
2231,院留观,1
2232,愿检,1
2233,查找,1
2234,点击,1
2235,缴费,1
2236,前往,1
2237,陪人,1
2238,探视,1
2239,随意,1
2240,责,1
2241,牢固,1
2242,树立,1
2243,社交,1
2244,扎堆,1
2245,彭朔,1
2246,🌿,1
2247,S具俊晔,1
2248,结婚,1
2249,瓜,1
2250,震惊,1
2251,艺术,1
2252,来源于,1
2253,妥妥,1
2254,小说,1
2255,情节,1
2256,他俩,1
2257,初中,1
2258,万万,1
2259,祝福,1
2260,散去,1
2261,😷想,1
2262,大宝,1
2263,宝贝,1
2264,大事,1
2265,静气,1
2266,今时,1
2267,无古贤🙏,1
2268,常态化,1
2269,出台,1
2270,频度,1
2271,场景,1
2272,加码,1
2273,不尽相同,1
2274,赴,1
2275,访客,1
2276,游,1
2277,检测报,1
2278,最初,1
2279,30多,1
2280,密度,1
2281,次数,1
2282,累积,1
2283,笔,1
2284,额外,1
2285,支出,1
2286,收费,1
2287,在职,1
2288,公差,1
2289,报销,1
2290,农民,1
2291,固定,1
2292,自费,1
2293,政协网,1
2294,及时行乐,1
2295,商场,1
2296,逛,1
2297,订月,1
2298,机票,1
2299,泡汤,1
2300,滚蛋,1
2301,]隔,1
2302,三差五来,1
2303,迷惑,1
2304,三战,1
2305,一股脑端,1
2306,核,1
2307,酸天天yue,1
2308,武汉人,1
2309,核酸卡,1
2310,啥样,1
2311,卡片,1
2312,卷,1
2313,一句话,1
2314,时期,1
2315,多巴胺,1
2316,兔子,1
2317,16：00,1
2318,市政府,1
2319,新闻办,1
2320,发布厅,1
2321,例行,1
2322,66,1
2323,后天,1
2324,城关区,1
2325,进毒圈,1
2326,哇[,1
2327,讨厌,1
2328,共存,1
2329,艰难,1
2330,I[,1
2331,SH不为赞美,1
2332,荣誉,1
2333,国泰民安,1
2334,当代,1
2335,初心,1
2336,使命,1
2337,带队,1
2338,奋战,1
2339,#方,1
2340,老视点,1
2341,吉舒,1
2342,舒兰,1
2343,白石山,1
2344,松甸,1
2345,口前,1
2346,明城,1
2347,磐石,1
2348,双河镇,1
2349,双吉,1
2350,天岗,1
2351,烟筒山,1
2352,南站,1
2353,预售期,1
2354,出发,1
2355,发售,1
2356,线下,1
2357,购发站,1
2358,收取,1
2359,手续费,1
2360,团体,1
2361,发站,1
2362,窗口,1
2363,手续,1
2364,收,1
2365,退票费,1
2366,购买,1
2367,意险,1
2368,吉林网,1
2369,关闭,1
2370,门禁,1
2371,卡死,1
2372,公家,1
2373,台风,1
2374,天关,1
2375,从没,1
2376,关过,1
2377,不住,1
2378,躺平,1
2379,角巷,1
2380,遗憾,1
2381,再三,1
2382,确认,1
2383,济南站,1
2384,14号,1
2385,场地,1
2386,秀动,1
2387,日期,1
2388,打包,1
2389,行囊,1
2390,旅途,1
2391,种种,1
2392,返程,1
2393,阻挠,1
2394,补,1
2395,day7,1
2396,第七,1
2397,取快,1
2398,递吖,1
2399,盒饭,1
2400,衣服,1
2401,志愿者们,1
2402,魔都,1
2403,时不时,1
2404,河南,1
2405,静安,1
2406,带走,1
2407,通行证,1
2408,路上,1
2409,～[doge],1
2410,滚出,1
2411,水,1
2412,恐吓,1
2413,记,1
2414,杀死,1
2415,名字,1
2416,巫丽玲,1
2417,真实,1
2418,牙齿,1
2419,坚守,1
2420,闲,1
2421,十四,1
2422,港务区,1
2423,方老,1
2424,视点,1
2425,1:37,1
2426,源自,1
2427,exxlud,1
2428,吉林·吉林,1
2429,🚇🚈,1
2430,有限公司,1
2431,8号线,1
2432,联合,1
2433,外国,1
2434,友人,1
2435,护士,1
2436,上门,1
2437,护照,1
2438,温柔,1
2439,大叔,1
2440,细致,1
2441,贴心,1
2442,消毒,1
2443,耐心,1
2444,敲门,1
2445,递,1
2446,般地,1
2447,酸爽,1
2448,温度,1
2449,兼备,1
2450,生动,1
2451,演绎,1
2452,🥳,1
2453,免职,1
2454,平时,1
2455,车流,1
2456,密集,1
2457,大道,1
2458,脚,1
2459,油门,1
2460,踩,1
2461,莫名,1
2462,失落,1
2463,不安,1
2464,早班,1
2465,朋友圈,1
2466,刷屏,1
2467,逃过,1
2468,全区,1
2469,复工,1
2470,学期,1
2471,轻松,1
2472,梅花,1
2473,正艳,1
2474,音调,1
2475,鸟鸣,1
2476,设防,1
2477,奢望,1
2478,回,1
2479,老师,1
2480,棉签,1
2481,额,1
2482,晒太阳,1
2483,吃饭,1
2484,过上,1
2485,安稳,1
2486,拖延,1
2487,项目,1
2488,抄底,1
2489,内心,1
2490,动荡,1
2491,囤,1
2492,房,1
2493,攥,1
2494,同等,1
2495,慌张,1
2496,油价,1
2497,自顾自,1
2498,打头,1
2499,白领们,1
2500,汽车们,1
2501,封印,1
2502,地下,1
2503,停车场,1
2504,激情,1
2505,打赢,1
2506,🇺🇸,1
2507,战争,1
2508,企划,1
2509,🤷🏾,1
2510,‍♂,1
2511,️🤷,1
2512,🏾‍,1
2513,95号,1
2514,汽油,1
2515,加油],1
2516,玩耍,1
2517,]春季,1
2518,民间,1
2519,老话,1
2520,菜花黄,1
2521,疯子,1
2522,古人,1
2523,高发,1
2524,认知,1
2525,春季,1
2526,四季,1
2527,最高峰,1
2528,职场,1
2529,互联网,1
2530,善于,1
2531,制造,1
2532,焦虑感,1
2533,难免,1
2534,周边,1
2535,安抚,1
2536,3.7,1
2537,度过,1
2538,]别,1
2539,栋,1
2540,球球,1
2541,包围,1
2542,公开课,1
2543,知识,1
2544,buff加成,1
2545,Omicron,1
2546,横空出世,1
2547,讨论,1
2548,层出不穷,1
2549,呈现,1
2550,千分之四,1
2551,十万,1
2552,超过,1
2553,80,1
2554,老年,1
2555,群体,1
2556,稳定,1
2557,下降,1
2558,基础,1
2559,换来,1
2560,全球,1
2561,形式,1
2562,反弹,1
2563,呼吸道,1
2564,冬天,1
2565,9641,1
2566,死亡,1
2567,平均,1
2568,高出,1
2569,50%,1
2570,放松,1
2571,占比,1
2572,高峰,1
2573,入院,1
2574,21%,1
2575,HK,1
2576,踏青,1
2577,脚步,1
2578,漂亮,1
2579,0-12时,1
2580,全省,1
2581,累计,1
2582,汉中,1
2583,单元楼,1
2584,转运,1
2585,54,1
2586,定点,1
2587,活动,1
2588,莱西防疫,1
2589,处分,1
2590,店铺,1
2591,歇业,1
2592,临近,1
2593,即墨,1
2594,停滞不前,1
2595,加油莱西,1
2596,没法,1
2597,打工,1
2598,同城,1
2599,爆料,1
2600,大街小巷,1
2601,阻击,1
2602,海南,1
2603,享,1
2604,海南省,1
2605,琼关口,1
2606,入琼,1
2607,返琼,1
2608,通行,1
2609,光明日报,1
2610,王,1
2611,晓樱,1
2612,陈怡,1
2613,吃完,1
2614,锅巴,1
2615,]要,1
2616,崩溃,1
2617,肯定,1
2618,闹心,1
2619,闷,1
2620,在家,1
2621,无聊,1
2622,抽出,1
2623,雷电,1
2624,将军,1
2625,[喵,1
2626,喵],1
2627,闵行区,1
2628,腿,1
2629,站麻,1
2630,大长队,1
2631,拐,1
2632,弯,1
2633,好长,1
2634,拐弯,1
2635,小长队,1
2636,累死,1
2637,排到,1
2638,一半,1
2639,候鸟,1
2640,长度,1
2641,早晨,1
2642,午头,1
2643,长点,1
2644,副生无可恋,1
2645,表情,1
2646,束,1
2647,妇女节,1
2648,滚开,1
2649,节奏,1
2650,麻,1
2651,跪求,1
2652,zf,1
2653,吃屎,1
2654,老家,1
2655,那面,1
2656,爸妈,1
2657,人手,1
2658,阿姨,1
2659,没日没夜,1
2660,那位,1
2661,休息,1
2662,自行车,1
2663,许久不动,1
2664,里程,1
2665,一路上,1
2666,好几,1
2667,好奇心,1
2668,往里,1
2669,瞅瞅,1
2670,白线,1
2671,驻足,1
2672,一路,1
2673,气,1
2674,够呛,1
2675,面临,1
2676,支援,1
2677,网暴,1
2678,落后,1
2679,上进,1
2680,群,1
2681,风怪,1
2682,拜托,1
2683,脑子,1
2684,梅林,1
2685,专程,1
2686,跑去,1
2687,看一看,1
2688,缺人,1
2689,培训,1
2690,上岗,1
2691,恐怖,1
2692,梦本,1
2693,心有余悸,1
2694,喊,1
2695,喇叭,1
2696,拉回,1
2697,旁边,1
2698,嗖,1
2699,嗖嗖,1
2700,蜗牛,1
2701,消耗,1
2702,徘徊,1
2703,请假,1
2704,员工,1
2705,汇报,1
2706,老板,1
2707,诗源,1
2708,病历,1
2709,实际报,1
2710,造谣,1
2711,假话,1
2712,煽动,1
2713,恐慌,1
2714,可耻,1
2715,快乐点,1
2716,天一,1
2717,检,1
2718,生气,1
2719,5时,1
2720,卫健委,1
2721,负责,1
2722,详见,1
2723,明媚,1
2724,☀️,1
2725,高楼层,1
2726,素质,1
2727,锦绣,1
2728,天地,1
2729,B区,1
2730,15号,1
2731,高层,1
2732,n袋,1
2733,到会,1
2734,可控,1
2735,乱,1
2736,求求,1
2737,平安🙏,1
2738,开学,1
2739,学,1
2740,便秘,1
2741,烦,1
2742,细节,1
2743,牢筑,1
2744,大防线,1
2745,私家车,1
2746,公路,1
2747,驾驶员,1
2748,乘客,1
2749,货运,1
2750,工程,1
2751,救护,1
2752,消防,1
2753,特种,1
2754,堂食,1
2755,最终,1
2756,杨浦区,1
2757,幸免,1
2758,早早,1
2759,星期二,1
2760,10:30,1
2761,网上,1
2762,观众,1
2763,自行,1
2764,不便,1
2765,谅解,1
2766,029-87418247,1
2767,大跌,1
2768,外围,1
2769,股市,1
2770,涨,1
2771,券商,1
2772,要命,1
2773,冲击,1
2774,好过,1
2775,下探,1
2776,V光,1
2777,亲朋,1
2778,打招呼,1
2779,感恩长,1
2780,霉ing,1
2781,👋,1
2782,🏻🍰,1
2783,快走,1
2784,开快,1
2785,62,1
2786,闭馆,1
2787,此起彼伏,1
2788,好久,1
2789,上图,1
2790,版本,1
2791,海王,1
2792,泰斯卡30,1
2793,消消,1
2794,毒[,1
2795,喵喵,1
2796,核酸[,1
2797,笑哈哈],1
2798,号召,1
2799,切实,1
2800,务必,1
2801,行业,1
2802,境外,1
2803,外来,1
2804,返莲,1
2805,湖区,1
2806,市内外,1
2807,中高,1
2808,活动史,1
2809,悦享,1
2810,莲湖,1
2811,成立,1
2812,携,1
2813,专辑,1
2814,鹤行,1
2815,首次,1
2816,揭幕站,1
2817,开票,1
2818,场次,1
2819,退去,1
2820,陆续,1
2821,The_BooLive,1
2822,7LIVE,1
2823,HOUSE,1
2824,限流,1
2825,重发,1
2826,过后,1
2827,#❌,1
2828,嘻嘻,1
2829,降临,1
2830,一条条,1
2831,活生生,1
2832,人命,1
2833,摆,1
2834,面前,1
2835,好受,1
2836,存亡,1
2837,意识,1
2838,可怕,1
2839,平平安安,1
2840,迎接,1
2841,到来,1
2842,如约而至,1
2843,一睁眼,1
2844,老公,1
2845,瞪,1
2846,那大,1
2847,眼睛,1
2848,女神,1
2849,过头,1
2850,妇女,1
2851,单身,1
2852,狗,1
2853,附上,1
2854,翻车,1
2855,厨界,1
2856,退散,1
2857,龙猫墙,1
2858,一大,1
2859,[求,1
2860,🥀,1
2861,#1,1
2862,开春,1
2863,状况,1
2864,愤愤不平,1
2865,捂住,1
2866,势单力薄,1
2867,大学生,1
2868,爆发,1
2869,电子,1
2870,设备,1
2871,发声,1
2872,旁观者,1
2873,恶劣,1
2874,早已,1
2875,公开,1
2876,恶性,1
2877,阶段,1
2878,此前,1
2879,云南,1
2880,江苏,1
2881,浙江,1
2882,绍兴,1
2883,转头,1
2884,喊话,1
2885,帮帮,1
2886,显得,1
2887,仓促,1
2888,堪忧,1
2889,吸引,1
2890,未来,1
2891,就业,1
2892,填报,1
2893,出众,1
2894,一般来说,1
2895,pass掉,1
2896,租房,1
2897,地段,1
2898,冷门,1
2899,挑战,1
2900,早安·西安,1
2901,丨,1
2902,第四十七,1
2903,所长,1
2904,张义,1
2905,回答,1
2906,提问,1
2907,9日晚,1
2908,杨,1
2909,振峰,1
2910,师生,1
2911,首位,1
2912,本市,1
2913,优化,1
2914,空中,1
2915,课堂,1
2916,采用,1
2917,家长,1
2918,件,1
2919,套,1
2920,牢记,1
2921,此刻,1
2922,好烦,1
2923,带回,1
2924,家💻,1
2925,不见,1
2926,担惊受怕,1
2927,国务院,1
2928,联防,1
2929,联控,1
2930,评估,1
2931,研判,1
2932,报,1
2933,同意,1
2934,滨河路,1
2935,石鼓,1
2936,太阳市,1
2937,香辣蟹,1
2938,火锅店,1
2939,火炬路,1
2940,华夏,1
2941,盛世,1
2942,佳园,1
2943,7号,1
2944,金台区,1
2945,东风路,1
2946,金,1
2947,商务,1
2948,写字楼,1
2949,共有,1
2950,中风险,1
2951,快定,1
2952,提,1
2953,套餐,1
2954,搭,1
2955,半,1
2956,食宿,1
2957,冤种,1
2958,没错,1
2959,搞大,1
2960,规模,1
2961,物料,1
2962,卖,1
2963,帐篷,1
2964,铁马,1
2965,邀请,1
2966,进场,1
2967,拓客,1
2968,新发,1
2969,传单,1
2970,跳蚤,1
2971,创意,1
2972,集市,1
2973,激活,1
2974,地摊,1
2975,第N,1
2976,发放,1
2977,凭条,1
2978,凭证,1
2979,评论,1
2980,有人,1
2981,致死率,1
2982,食物,1
2983,充足,1
2984,医治,1
2985,应有,1
2986,远离,1
2987,单独,1
2988,剥夺,1
2989,充上,1
2990,唯一,1
2991,可惜,1
2992,踏入,1
2993,体验,1
2994,绝望,1
2995,他妈的,1
2996,子弹,1
2997,收假,1
2998,回来,1
2999,清清,1
3000,^^,1
3001,往年,1
3002,雪,1
3003,懒癌,1
3004,鸡爪,1
3005,叔座,1
3006,修猫,1
3007,撩拨,1
3008,水木,1
3009,餐食,1
3010,侄女,1
3011,送来,1
3012,奶酪棒,1
3013,临走,1
3014,属实,1
3015,意念,1
3016,合一,1
