1,
2,【#大学是否提前放寒假#】教育部防控办主任王登峰：要看疫情形势的发展，同时要考虑高校所在地和生源地的疫情防控措施；要根据各地各校实际情况，鼓励高校按照属地相关要求，结合校园防控的要求及课程进展、学习安排的情况，自主做出安排。对于确需提前放假或推迟放假的，都予以理解和支持。（央视新闻） 央视新闻的微博视频
3,#辽宁新增60例本土确诊#【辽宁60例本土确诊病例行程轨迹公布 涉及药房、农贸市场】#辽宁好网民抗疫在行动#11月13日0时至24时，大连市新增60例本土新冠肺炎确诊病例。其中，58例在密切接触者主动排查中发现，2例在重点人群主动排查中发现。新增60例确诊病例主要活动轨迹如下：
4,【#英国前卫生大臣汉考克将出书#曾因偷情违反防疫规定辞职】据《每日邮报》报道，英国前卫生大臣汉考克可能将出书，书名为《我是如何赢得新冠之战的》，讲述他在英国抗疫中的“英雄”角色。
5,#黑河疫情##黑龙江疫情#黑河疫情志愿者扛物资上楼！为隔离人员配送上楼！！ 第一眼视频的微博视频
6,不管你肌肉多么强壮，也不管你是否有过类似疾病，上帝要锤你，你无处可逃科罗拉多州一名前健身教练Bill Phillips差点死于COVID-19，2020年1月他感染过新冠，他以为他自然免疫了，所以没有接种疫苗。6月再次感染了新冠病毒，在医院里住了两个月。他被插管47天，18天昏迷没有醒来。比尔的妻子玛丽亚·菲利普斯说:“看到比尔从一个坚强、充满活力、快乐的人变成一个几乎站不起来的人。”熬过了鬼门关，他出院时体重减轻了70磅。
7,【全球首款！#陈薇团队研制吸入式新冠疫苗亮相#】11月12日—14日，全球首款吸入式新冠疫苗亮相“海南健博会”。吸入式新冠疫苗与肌肉注射使用了同种疫苗，其制剂配方未改变，仅采用不同的给药方式。雾化吸入免疫采用雾化器将疫苗雾化成微小颗粒，通过口部吸入的方式进入呼吸道和肺部，从而激发黏膜免疫。全球首款吸入式新冠疫苗由军事医学研究院陈薇院士团队与康希诺生物股份公司合作研发，目前二期临床试验已取得阶段性成果，正在推进紧急使用的申请工作。网页链接 央视军事的微博视频
8,#大连战疫#【大连市文明办致全体市民一封信】近日，我市庄河等地突发新冠肺炎疫情。疫情传播与恶劣天气叠加带来的巨大压力和挑战，无时无刻不在考验城市的凝聚力和战斗力！为全力以赴打赢疫情防控歼灭战，大连市文明办向广大市民发出倡议↓（大连市文明办）网页链接
9,【吉林省卫生健康委关于新型冠状病毒肺炎疫情情况通报（2021年11月12日公布）】11月11日0-24时，全省无新增境外输入确诊病例和无症状感染者。11月11日0-24时，全省新增本地无症状感染者1例，为吉林市报告，系11月11日通报的确诊病例的密切接触者，在集中隔离医学观察期间通过主动筛查发现。截至11月11日24时，全省累计报告本地确诊病例1例，无症状感染者1例，均在吉林市。无症状感染者：女，1968年出生，系11月11日通报的确诊病例的母亲，住址为吉林市昌邑区万达江畔华城，在吉林市上海路国贸吉林中心售楼处工作。11月7日其女儿从北京市公出返回后，与其共同居住在家中。11月10日其被转运至定点医院隔离医学观察，11月11日新冠病毒核酸检测阳性，经临床专家组会诊，诊断为无症状感染者。目前已对追踪到的密切接触者和次密切接触者落实隔离医学观察、核酸检测措施，对其居住场所、工作单位、活动场所进行终末消毒。微博正文
10,#校园疫情防控要做到三严#【#教育部明确所有师生进校都要检测体温#】教育部体育卫生与艺术教育司司长王登峰13日在国务院联防联控机制新闻发布会上表示，校园疫情防控要做到“三严”。第一要严把入校关。所有的师生进校的时候都要做体温检测，关注他们的健康状况和旅行的轨迹。第二是做到在校内所有的场 查看图片 ...
11,【大连泉水街道封控区居民：药品通畅“互助群”统筹物资发放】据大连发布消息，11月13日0时至24时，大连新增60例本土新冠肺炎确诊病例，其中，大连市甘井子区泉水街道被划定为中风险地区，居住区规定只进不出。一位当地小区居民说，9日晚，他去超市超市买菜时人很多，只买到了袋装酸菜。据了解，泉水街道由多个小区组成，居住人口达73000多人，总计34000多户，不少生活物资需要从封控区外运输进来。据该居民介绍，自隔离后，泉水街道小区居民就自发组建了住宿楼群，负责生活物资的统筹发放，每个单元都有两个居民负责统计，其他居民负责隔离期间的物资发放。居民还互送水果蔬菜，有商家也为居民配置了应急蔬果套餐。 红星视频的微博视频
12,【辛苦了！#采核酸医护间隙躺在石阶上休息#】11月11日，河北辛集。居民在楼上用无人机拍摄到在封控区采核酸的医护人员，他们在工作间隙，或坐或躺在石阶上休息，辛苦了！为辛集人民加油！@河北青年报 青豆视频的微博视频 #抗击疫情同舟共冀#
13,【#上饶官方通报隔离宠物狗被扑杀##扑杀隔离宠物狗事件责任人被调离#】近日，江西省上饶市信州区金凤花园小区“隔离宠物狗疑被扑杀”一事引发关注。信州区有关部门13日深夜发布通报称，已对相关人员进行了批评教育，调离相应岗位，并责令向当事人诚恳道歉。上饶市信州区西市街道新冠肺炎疫情防控应急指挥部（@信州发布 ）发布通报称，事件发生后，西市街道迅速成立调查组。经核实，举报留在家中的“隔离宠物狗疑被扑杀”的网民所在小区为防疫封控区，需对居家环境进行全面消杀。社区要求居民前往集中隔离点时不锁门，当防疫人员上门消杀时，发现其家门已锁。工作人员随即联系辖区民警，在民警的见证下，开门进行消杀。但现场工作人员在未与该网民进行充分沟通的情况下，将宠物狗进行了无害化处置。通报称，目前西市街道办已对相关人员进行了批评教育，调离相应岗位，并责令向当事人诚恳道歉。
14,#疫情#特殊时期，讲点道理吧 国民不得不看的微博视频
15,【黑龙江#哈尔滨18日起将恢复线下教学# 】#关注新冠肺炎# 记者从哈尔滨市教育局获悉，根据哈尔滨市疫情防控工作安排，11月15日开始的本轮全员核酸检测结束后，如无新增新冠肺炎阳性感染者，从11月18日起，哈尔滨全市幼儿园、中小学校（含中职学校）将恢复线下教学。（央视新闻）
16,【#外卖小哥半夜在隧道躺电瓶车上睡觉# 拍摄者：洪水加疫情很不容易，感同身受很心酸】11月12日，河南郑州。郑州一隧道内，一外卖小哥躺电瓶车上盖被子睡觉的视频引发网友关注。视频拍摄者黄先生称，当时是夜里2点多，自己在隧道遇见了。自己是白天上班，晚上兼职跑代驾，很能感同身受，感觉都不容易，挺心酸的。（来源：搜狐千里眼 ）搜狐千里眼的微博视频
17,【实打实的爱！#高校封寝妈妈为女儿送来24斤食物#】近日，辽宁大连一学校因疫情封闭寝室楼，一妈妈给女儿送来整整一箱24斤食物。当事人金同学称，自己就跟妈妈说了句封楼了，没有吃的了，妈妈就说要来送吃的，没想到一下送来了这么多，当时拎着这些东西也不觉得沉，只是激动到想哭。#辽宁好网民抗疫在行动# 荔枝新闻的微博视频
18,【#11月1日以来到过北京以下地方请及时报告#】#周刊君与你共同战疫#据北京市朝阳区疾控中心，根据疫情防控要求，请11月1日以来，活动轨迹与下列点位和时间有交集、重合的人员，立即主动向所在社区（村）、工作单位、居住酒店报告，或者拨打朝阳疾控部门热线电话87789709报告。具体情况如下：11月1日， 11:00—16:00葫芦娃一家人火锅（太阳宫店）11月5日，17:00—23:00潇湘楼（大屯路店）11月5日，10:50—15:20世纪华联超市（北沙滩店）11月6日 ，10:10—15:00秦门西安小馆（国奥店）11月6日，12:30 —20:30弥远咖啡馆（北辰东路7号）11月6日 ，14:30—17:30天天中影汇地下一层公厕11月6日 ，11:40—15:10罗森便利店（奥森公园南园店）11月6日，15:40—22:40黄门老灶火锅（亚运村店）11月7日，9:00—13:10世纪华联超市（北沙滩店）11月7日，10:50—15:20北京朝阳站-庆丰包子铺11月7日，11:20—15:00北京朝阳站-永和豆浆11月7日 ，12:30—16:50北京朝阳站-麦当劳11月8日，21:30—23:00世纪华联超市（北沙滩店）11月8日17:00—11月9日凌晨1:00屯老二农家铁锅炖（奥运村店）11月9日，16:50—23:00门框胡同百年卤煮（大屯路店）疫情防控，人人有责。在此，我们也提醒广大市民朋友，如出现发热、干咳、乏力等可疑症状，要佩戴好口罩及时到附近医院发热门诊就医，并告知医生旅居史、接触史，不要自行用药，不要到没有资质的诊所就医，以免延误诊疗，前往就诊过程中避免乘坐公共交通工具。做好疫情防控需要广大市民朋友的支持、配合和参与。请自觉遵守疫情防控要求，主动如实报告，配合管理。同时，提醒广大市民戴口罩、勤洗手、多通风、不扎堆、不聚集，做好个人防护！@北京日报
19,#校园疫情防控要做到三严#【#教育部明确所有师生进校都要检测体温#】教育部体育卫生与艺术教育司司长王登峰13日在国务院联防联控机制新闻发布会上表示，校园疫情防控要做到“三严”。第一要严把入校关。所有的师生进校的时候都要做体温检测，关注他们的健康状况和旅行的轨迹。第二是做到在校内所有的场所、所有人员聚集的地方都要严格落实疫情防控的各项措施，防止在校内出现感染。第三是一旦学校涉疫，就要严格落实疫情防控的应急预案，做到应隔离的尽快隔离，也要防止校园疫情向社会其他方面关联。央视新闻的微博视频 查看图片
20,"#为最美逆行者做最暖后盾#【为最美“逆行者” 做最暖“后盾”--肃南县疾控中心党支部关心关爱一线医务人员纪实】#甘肃疫情防控#“当前，在抗击新冠肺炎疫情这场战“疫”中，一线医护人员用自己的辛勤付出，为人民群众筑起一道道牢固的健康防线，他们是最美“逆行者”。我们必须做实事、亮实招、施实策，当好“娘家人”，做他们的最暖‘后盾’。”肃南县疾控中心党支部书记白文河说。新冠肺炎疫情爆发以来，在肃南县的抗疫前线，一批又一批医务人员主动请缨，冲锋在前，冒着生命危险，舍弃小我小家，奋战在抗疫最前沿，成为疫情防控中的最美“逆行者”。但很少有人知道，这些最美“逆行者”背后默默为他们付出，提供坚强基础保障、做最暖“后盾”的又是谁。那就是肃南县疾控中心党支部。加强应急物资储备，织牢一线医务人员“铁布衫”连日来，在肃南县疾控中心应急物资库内，工作人员正在有条不紊的为全县各级医疗卫生单位一线医务人员配发卫生应急物资。据悉，肃南县疾控中心承担着全县各级一线医务人员的卫生应急物资保障。2020年初，全国性的疫情，各地应急物资供不应求，采购过程一波三折。该中心党支部坚持超前谋划、主动作为，第一时间启动卫生应急物资紧急采购行动，多重渠道联系，千方百计协调。功夫不负有心人，终于在关键时期，第一批“救命稻草”到位，解决了全县抗疫一线的燃眉之急。今年10月17日以来，该中心党支部积极争取专项资金129万元，购买疫情防控必需的个人防护物资、消杀药品、核酸检测设备和试剂等，为全县各级一线医护人员提供坚强的防护物资保障，为他们配齐病毒战场上的“铁布衫”，为有力打赢疫情防控阻击战打下了坚实基础。同时，组织疾控中心专业人员，通过现场演练和线上视频教学等方式，狠抓个人防护知识和消毒技术培训，严格落实各项防护措施，加强健康监测，避免出现一线医务人员感染，坚决杜绝了一线医务人员“流血又流泪”。启动应急食堂，保障一线医务人员“应急餐”“人是铁，饭是钢，不能让最美‘逆行者’们饿着肚子拼啊，吃饱了饭，才有力气打赢这场硬仗！”县疾控中心应急食堂郭师傅这样说到。兵马未动，粮草先行。疫情来袭，疾控中心全体医护人员下不了班、回不了家，如何让这些最美“逆行者”吃上温暖的餐食，成为当前需要解决的首要任务。为此，肃南县疾控中心党支部第一时间启动“应急食堂”，制定专人负责食堂管理，加强食堂炊事员力量，严把菜品质量关、餐厅消毒关，尽力满足医护人员需求，采用“预报人数、配置餐具、分段拿取、分散就餐”模式，为疾控中心全体医护人员供应放心安全的三餐。在此基础上，组织人员对本单位疫情防控一线医务人员中幼儿无人照看、老人行动不便等困难的党员和干部职工进行摸底，协调社区工作人员为他们购置蔬菜水果等日常用品，对家属进行看望慰问，详细了解生活情况，感谢他们对疫情防控工作的付出和贡献。用最温暖、最贴心得服务，筑起了疫情防控安全、牢固的“后勤保障墙”。强化人文关怀，做好一线医务人员“调休班”因肃南县东西防线长，且与多个市、县毗邻，交通不便，疫情防控采样和样本送检、卫生应急物资运输等耗时长。自11月17日以来，肃南县疾控中心党支部全体党员已经连续17个日夜未能回家休息与家人团圆了。为此，该中心党支部于11月3日召开支部委员会会议，研究讨论加强关心关爱疫情防控一线医护人员相应对策，进一步抽调精干力量充实到各防控工作队伍，科学配备重点岗位人员，优化防控工作流程，调整医务人员工作班次，建立疫情防控一线医务人员轮岗制度，成立轮岗梯队，采取错时“轮战”，对较长时间超负荷工作的医护人员和年龄偏大存在疾病风险人员优先安排调休等，避免医务人员过度劳累，保证了一线医护人员得到必要的休整，提高了工作效率，为坚决打赢疫情防控遭遇战、阻击战提供了坚强保障。一个支部就是一个堡垒，一名党员就是一面旗帜。在这场没有硝烟的“战役”中，肃南县疾控中心党支部充分发挥党组织战斗堡垒作用和党员先锋模范作用，带领广大党员在关键时刻挺身而出、冲锋在前，他们把人民群众生命安全和身体健康放在第一位，把疫情防控工作作为当前最重要的工作，把关心关爱一线医务人员作为最有力的激励措施，用实际行动筑牢疫情防控“红色堡垒”,让鲜红的党旗在抗击疫情第一线高高飘扬。#张掖身边事#"
21,【大连市文明办致全体市民一封信】近日，我市庄河等地突发新冠肺炎疫情。疫情传播与恶劣天气叠加带来的巨大压力和挑战，无时无刻不在考验城市的凝聚力和战斗力！为全力以赴打赢疫情防控歼灭战，大连市文明办向广大市民发出倡议↓（大连市文明办）大连市文明办致全体市民的一封信
22,"【加强邮件快递预防性消毒！石家庄市疾控中心发布健康提示】#石家庄身边事#"" 双 11"" 前后，市民网购商品数量增多，各快递企业已按照疫情防控要求 , 严格落实对邮件快件处理各环节的消毒杀菌措施，一般情况下，病毒通过快递传播的风险极低，但仍不排除货物、交通工具携带导致传播的可能，并且冬季低温环境有利于新冠病毒存活。为防止新冠病毒通过邮件快递渠道传播扩散，有效控制和降低疫情传播风险。石家庄市疾控中心发出如下提示。 "
23,#辽宁好网民抗疫在行动# 【庄河大学城的守护者】“我在庄河大学城挺好的，请家人们放心！“庄河加油！大学城加油！此次疫情奋战到底的勇士们，胜利属于我们！加油，庄河！—青春大连 辽视第一时间的微博视频
24,#邢台播报#【市应对新冠肺炎疫情工作领导小组视频调度会议强调 摸清人口底数加强排查流调 竭尽全力拒病毒于市域之外】11月13日下午，市应对新冠肺炎疫情工作领导小组召开视频调度会议，听取市卫健委和各县（市、区）疫苗接种、国内重点地区来返人员排查流调管控等情况汇报，分析形势，研究问题，安排部署下一步工作。市委书记钱三雄主持会议并讲话。市领导王现坤、崔大平、张强、胡仁彩、冯亚强、钱丽霞、郑传记出席会议。会议要求，各县（市、区）要进一步摸清人员底数，清晰掌握本地户籍人口、常住人口、外来流动人口数量，为做好核酸检测、社会稳定、网格化管理、矛盾纠纷排查等工作打下坚实基础。要扎实做好排查工作，对国内中高风险地区和有疫情地区来返邢人员，要第一时间排查出来，提高点对点接回比例。要注重发挥基层组织作用，乡镇（办事处）要切实负起责任，村（社区）绝不能麻痹大意，要确保排查工作深入细致，竭尽全力拒病毒于市域之外。会议强调，全市各级各部门要坚持“宁可信其有不可信其无，宁可信其大不可信其小”，紧盯风险地、风险点、风险人，坚持县（市、区）委书记负责排查、县（市、区）长负责流调，“猫当老虎捕”，用上“九牛二虎之力”，认真负责、精准扎实地做好大数据推送排查、协查函排查等工作，切实把潜在风险排查出、管控住。会议指出，“双节”临近，要进一步加强防范，严格落实面上各项防控措施，特别是要落实居家健康监测各项要求，加强对冷链食品的管控，切实消除疫情传播风险。各县（市、区）要真正把责任落实下去，扎实推进疫情防控、经济发展、社会稳定、大气污染治理等工作，对不认真不负责不落实的人和事要及时提出处理意见，确保省、市各项部署和要求落地落实落到位。市直有关部门负责人在主会场参加会议。各县（市、区）设分会场。邢台日报社全媒体记者：张文学 李义厚
25,#神童确诊新冠# 偶像男团Super Junior的成员神童确诊新冠，并表示目前神童暂停所有工作，居家隔离中。望大家都做好 防 疫 准备。 圈内老顽童的微博视频
26,【这些防疫知识请牢记】本轮疫情波及全国多个省区市。疫情防控，人人有责，从最基本的戴口罩、消毒做起！防疫的同时，酒精等引起的消防安全问题也要重视哟~
27,#上海夫妇吐槽兰州#上海这对夫妇吐槽兰州，可能忘了自己延迟两天没有上报行程；可能也忘了这已经不是旅游渡假，简直享受着贵宾待遇；讲述的过程细节历历在目，其实当向兰州说声感谢，向兰州说声歉意。这也就是兰州全城人听话，出门有路条，全部宅在家反复核测将疫情控制住。兰州网友对行程与事实总结到位，但上海夫妇也算不上踩踏兰州肺科医院，踩踏医护人员，关键是真的欠缺同理心，这真的是存在自己疏忽造成的突发事件，石悦林老师其实可以狗毛续貂给美篇补写30字回上海后的致谢兰州医护感念兰州百万人与自己共同抗疫的坚守。 兰州网友简要总结的上海夫妇行程：“15号到兰州老伴开始发烧，退机票损失了一千块钱，痛心不已；16号同行4人都开始发烧，17号-18号却在社区诊所输液，也不上报行程；疫情已经快两年了，突然的集体发烧，我不信你们没有意识到不妥的。18号下午去兰州人民医院做核酸，新闻报道有个摔伤的老人，当时在兰州人民医院治疗，没有密接但感染了新冠，我们兰州人民400万人陪跑，没有人抱怨，你却写出这样踩踏兰州肺科医院，踩踏医护人员，踩踏为疫情付出的工作人员的文字，真是让人气愤。生而为人，请你善良！”
28,【#北京海淀新增1例核酸阳性#：#北京海淀两小区封闭管控#】11月12日，北京市海淀区接报，马连洼街道菊园小区1人核酸检测结果为阳性。海淀区立即启动应急响应，第一时间开展流调排查、封控管理、核酸检测等工作，对相关人员活动所涉马连洼街道菊园小区和上地街道颐泉汇封闭管控。 （来源：人民日报）
29,【#英国前卫生大臣汉考克将出书#曾因偷情违反防疫规定辞职】据《每日邮报》报道，英国前卫生大臣汉考克可能将出书，书名为《我是如何赢得新冠之战的》，讲述他在英国抗疫中的“英雄”角色。目前，他正在跟出版社谈合作，定下的合同目标价值为10万英镑。 据《每日邮报》报道，他将在书中反驳有关他防疫不力的指责，并推动他重返内阁。此前，英媒公布了一段汉考克和已婚女下属在办公室里亲吻的视频。汉考克已婚并且是三个孩子的父亲，女下属吉娜同样是三个孩子的母亲，二人在办公室激吻的视频引发全英愤怒。随后汉考克宣布辞职，理由是自己违反了防疫规定。
30,【周知！#17日起进京须持48小时核酸证明#】#北京调整进出京措施#如下：一是人员进（返）京须持48小时内核酸检测阴性证明和“北京健康宝”绿码，14日内有1例以上（含1例）本土新冠病毒感染者所在县（市、区、旗）旅居史人员严格限制进（返）京。民航、铁路、公路将加强远端登机登车和进京检查站查验。环京地区通勤人员，在该措施执行后首次进（返）京须持48小时内核酸检测阴性证明，此后每次进（返）京持14日内核酸检测阴性证明即可。请有进（返）京计划的朋友提前做好准备，合理安排行程，配合查验工作。二是14日内有陆路边境口岸所在县（市、区、旗）旅居史人员非必须不进（返）京。在京人员非必须不前往陆路边境口岸所在县（市、区、旗）。三是严格控制在京举办全国性会议、培训等活动。确需举办的，坚持“谁举办、谁负责”“谁审批、谁负责”，主办单位要切实履行疫情防控主体责任，制定专门防疫方案，严防涉疫风险人员参加，举办期间实行闭环管理，人员不得外出。承办活动的各类酒店、宾馆，要严格落实扫码登记、体温检测要求，不得接待涉疫风险人员。以上措施，自2021年11月17日零时起实施，并将根据疫情形势变化，进行动态评估、适时调整。 人民日报的微博视频
31,#辽宁新增60例本土确诊#【防疫安全科普】疫情防控不能松懈，这些防控要点你做到了吗？防疫的同时，酒精等引起的消防安全问题也要重视哟~
32,#健康冀报# 【本轮疫情形势如何？如何防范通过快递传播疫情？如何做好冬季校园疫情防控及多病共防？权威回应来了！】11月13日，国务院联防联控机制召开新闻发布会，教育部、国家卫生健康委、海关总署相关司局负责同志和中国疾控中心专家出席并介绍进一步做好冬春季疫情防控工作有关情况，敬请关注本期发布会问答！
33,【北京朝阳区来广营#华贸城7号院6号楼居民第二次核酸检测#】受疫情影响，朝阳区来广营乡华贸城7号院6号楼为管控区。11月12日上午，580多户居民进行了第二次核酸检测。上午8时，记者来到6号楼门外，工作人员正在忙着为即将开始的检测做准备。“6号楼总共32层，每层由两人负责开展敲门行动，确保每一位住户都参与检测。”社区党委书记胡松彬介绍。 如今，有近百名志愿者和社工参与到了华贸城7号院6号楼的服务保障工作，包括20多位双报到党员、50多位链家员工以及物业公司的20多名员工。此外，来广营乡还从相邻社区调集社工支援华贸城。（北京日报）
34,今晚的导演请指教放了曾赠导演的短片《爱情》，获得了节目开播以来最好的现场反应和一致好评。短片只有短短12分钟，内容非常简单却又非常完整地讲述了导演对于爱情的看法。爱情因勇气而产生，在失望中破灭。相信爱情的人总是一边自嘲，一边又期待着另外一个人可笑的人能够出现。在短片中，大话西游成为了一种爱情理想。在当下的时代，爱情成为了生意，套路与形式、解构与嘲弄代替了勇气与真诚。但总还是有人，愿意坠入一滴泪的感情之中。这个短片的好就好在简单明了。清晰、坚定、明确，导演很清楚自己要讲什么，而且也确实用十来分钟的情节讲清楚了，毫不拖泥带水。还有，就像郝蕾讲的一样，张晚意太好了，我相信看完短片的人都应该能感受到。当然了，对电影的理解和评价因人而异，这个短片还可以有更多的解读。短片在专业人士和现场观众中的评价非常一致，基本没有分歧。这其实也算是给之前的一线纷争提供了一个答案：对艺术的欣赏不该存在什么专业门槛，美是人们的共同追求。近些年国产电影出现了一些现象级作品，出现不少好电影好演员，但随之而来的问题是资源高度集中，新人很难露头。而且因为疫情原因，这两年机会更少了。这个节目对曾赠这样有能力但是缺乏资源和机会的导演来说是一个机遇，让她能够被更多人看见。虽然总说才华藏不住，但再有才华，也需要舞台。这节目刚开播，喜欢看电影的建议再看看，后续搞不好有惊喜。#被曾赠的爱情短片感动了##曾赠的台词太戳人了# 我不是谦哥儿的微博视频
35,北京11月13日无新增新冠肺炎确诊病例 治愈出院5例11月13日0时至24时，无新增本土确诊病例、疑似病例和无症状感染者；无新增境外输入确诊病例、疑似病例和无症状感染者。治愈出院5例。#北京疫情#
36,【#云南外防疫情输入这些瞬间让人泪目#】在云南外防疫情输入的队伍中，有着一支支特殊的队伍，他们由公安民警、辅警组成，坚守在最危险、最艰苦的抗疫第一线，24小时不间断开展巡逻防控，织密水、陆、空全时全域防控网。他们任劳任怨，恪尽职守，只为守护好身后美好家园。6万余名民警请战一线，日均2.1万余名民警、辅警日夜坚守边境。（来源：新华网）新华网的微博视频
37,【#辽宁新增60例本土病例#，均为大连报告】11月13日0时至24时，辽宁省新增60例本土新冠肺炎确诊病例，为大连市报告；新增1例境外输入新冠肺炎确诊病例（为无症状感染者转归），为沈阳市报告。新增治愈出院境外输入无症状感染者1例。截至11月13日24时，全省累计报告确诊病例707例（含境外输入142例），治愈出院463例，死亡2例，在院治疗242例(本土235例、境外输入7例)。目前，尚有70例（本土54例、境外输入16例）无症状感染者在定点医院隔离治疗。辽宁省卫健委网站辽宁昨日新增60例本土确诊病例，均为大连报告 查看图片
38,关键是 自己控制的舆论太美化和渲染自己； 基本台上都是圣人般史诗等级的存在 ；一旦让普罗大众知道了台面下⬇️的生活，“乌合之众”们更多的是对这套使用规则所修饰下的伪君子们的厌恶，当然也有可能是羡慕… 当然也不让说#海外抗疫日记##防疫##留学##上饶回应隔离宠物狗疑似被扑杀##长期不读书会造成什么影响##江西豪车醉驾当事人被判拘役两个月#
39,#疫情通报#【轨迹公布！大连新增40例本土确诊病例和3例无症状感染者】11月12日0时至24时，大连市新增40例本土新冠肺炎确诊病例（其中29例为无症状感染者转归）和3例无症状感染者。其中，31例确诊病例和3例无症状感染者在密切接触者主动排查中发现；8例确诊病例在重点人群主动排查中发现；1例确诊病例在主动就医中发现。（资料：大连市新冠肺炎疫情防控总指挥部） 
40,#大连战疫#【金普新区关于开展核酸检测的通告】根据当前疫情防控形势，为切实阻断疫情传播，保障人民群众生命健康安全，经市、区新冠肺炎疫情防控指挥部研究，决定从明日起在全区开展核酸检测工作，现将有关事宜通告如下:一、采样时间2021年11月14日（星期日）、15日（星期一），具体采样时间以各单位、街道、社区（村）通知为准。二、检测对象及采样地点金普新区辖内所有居民（包括本地常住人口、暂住人口、临时流动人口、外籍人口等）。采样点信息以单位、街道、社区 (村)通知为准。三、注意事项1.请广大居民主动服从工作人员组织安排，积极配合做好样本采集工作。对拒不配合、不支持核酸检测工作、扰乱秩序、瞒报、谎报、伪造信息的人员，公安机关将依法从严追究法律责任。2.请广大居民根据单位、街道、社区(村)组织安排，提前准备好辽事通码，不要截图，要实时动态码。家里老人孩子没有手机的提前填好代展码。分时段有序前往指定采样点进行采样，确保不漏一户一人。3.请居民在参加采样期间做好个人防护，全程佩戴口罩，主动接受体温检测，并保持一米以上距离，避免聚集和相互交谈，切实防止采样时交叉感染。4.请广大居民做好防风防寒，照顾好老人、孩子。手机提前充满电或携带充电宝，准备备用口罩。感谢广大居民对疫情防控工作的大力支持配合。给您带来的不便，敬请谅解。大连金普新区新冠肺炎疫情防控指挥部办公室2021年11月13日
41,【兰州市各商协会和民营企业严格落实疫情防控要求】#甘肃疫情防控#中国兰州网11月11日讯(全媒体记者 宋戈)为进一步巩固防控成果，兰州市各商协会和民营企业采取线上办公、居家办公等方式，严格落实“外防输入、内防反弹”等各项防控要求，防止疫情反弹。#外防输入内防反弹#11月11日上午，记者在位于雁滩的欣大购物广场看到，商场除超市外，其它门店仍然处于关闭状态。据欣大百货副总经理金克杨介绍，目前该企业执行所有员工和商户居家办公，非必要不出门。“虽然这次疫情给企业带来了比较大的损失，但是作为企业依然要履行企业的社会职责。希望疫情很快过去，让大家一起期待春暖花开的时候。”位于西固区的兰州高压阀门有限公司响应号召，公司员工采取居家办公的弹性工作方式。“兰州高压阀门有限公司自10月21日起进入疫情防疫一级响应状态，全面落实防疫四方主体责任制，对内成立防疫领导小组，采取居家办公的弹性工作方式。同时，通过互联网方式传递防疫相关信息，带动每一位员工从自身做起，严加防范，确保防疫安全。”兰州高压阀门有限公司常务副总经理郝宏达说。来源：中国兰州网 编辑：王莅勤
42,#辽宁好网民抗疫在行动# 【结束了16个小时的核酸检测后，大连47名“大白”又变身清障工…】11月7日凌晨0时许，在结束了长达16个小时的核酸检测之后，大连市中心医院47名医护人员乘坐大巴车离开庄河市城关街道海洋村，打算返回驻地步云山乡。未曾想到，因为雨夹雪，乡村土路两侧大树枝成排倒下伏地，致使大巴车无法通行，医护人员变身清障工，与前来救援的人一起清理倒伏树枝，一直忙到凌晨4时。详情点击：结束了16个小时的核酸检测后，大连47名“大白”又变身清障工…
43,【11月12日（0-24时）上海无新增本土新冠肺炎病例，新增4例境外输入病例】#最新#市卫健委今早（13日）通报：2021年11月12日0—24时，通过口岸联防联控机制，报告4例境外输入性新冠肺炎确诊病例。新增治愈出院2例，其中来自塞尔维亚1例，来自西班牙1例。#上海战疫##上海加油#病例1为中国籍，在塞尔维亚工作，自塞尔维亚出发，经瑞士转机，于2021年11月8日抵达上海浦东国际机场，入关后即被集中隔离观察，其间出现症状。综合流行病学史、临床症状、实验室检测和影像学检查结果等，诊断为确诊病例。病例2为中国籍，在塞尔维亚工作，自塞尔维亚出发，经荷兰转机，于2021年11月9日抵达上海浦东国际机场，入关后即被集中隔离观察，其间出现症状。综合流行病学史、临床症状、实验室检测和影像学检查结果等，诊断为确诊病例。病例3为中国籍，在尼日利亚工作，自尼日利亚出发，经德国转机，于2021年11月10日抵达上海浦东国际机场，入关后即被集中隔离观察，其间出现症状。综合流行病学史、临床症状、实验室检测和影像学检查结果等，诊断为确诊病例。病例4为中国籍，在美国工作，自美国出发，于2021年11月10日抵达上海浦东国际机场，入关后即被集中隔离观察，其间出现症状。综合流行病学史、临床症状、实验室检测和影像学检查结果等，诊断为确诊病例。4例境外输入性确诊病例已转至定点医疗机构救治，已追踪同航班密切接触者105人，均已落实集中隔离观察。2021年11月12日0—24时，无新增本土新冠肺炎确诊病例。截至2021年11月12日24时，累计境外输入性确诊病例2401例，出院2334例，在院治疗67例。现有待排查的疑似病例3例。截至2021年11月12日24时，累计本土确诊病例381例，治愈出院374例，在院治疗0例，死亡7例。现有待排查的疑似病例0例。截至2021年11月12日24时，尚在医学观察中的无症状感染者0例。
44,【#9岁男孩做核酸认出医护妈妈互不打扰# 眼神让人心疼】#周刊君与你共同战疫# 11月4日，四川成都，一名三年级的小男孩在进行核酸信息采集时，发现“大白”是自己的妈妈。视频拍摄者蔡老师表示：“排队的时候他就在那看，采集后我们就问他这是谁啊，他就好小声地说了一句这是妈妈。”事后，蔡老师了解到，当时小朋友其实很想跟妈妈抱抱的，因为好几天没有见到面了。但是，小男孩在认出妈妈后并没有说话打扰妈妈工作，让自己十分感动。（看看新闻） 看看新闻KNEWS的微博视频
45,#疫情面前没有旁观者，每一位卫生人都在战斗！# 有那么一群人，平日里，他们用和言善语温暖人心；危难时刻，他们挺身而出，身体力行诠释生命至上，在疫情防控常态化背景下，他们更是用爱和力量筑起了一道抗击疫情的坚固防线。网页链接
46,【#教育部明确所有师生进校都要检测体温#】教育部体育卫生与艺术教育司司长王登峰13日在国务院联防联控机制新闻发布会上表示，校园疫情防控要做到“三严”。第一要严把入校关。所有的师生进校的时候都要做体温检测，关注他们的健康状况和旅行的轨迹。第二是做到在校内所有的场所、所有人员聚集的地方都 ...
47,#跟新浪看热点#大连一志愿者小姐姐街头喊人做核酸：来来来！里边请！ 人民中的英雄的微博视频
48,微博又限制了，提示这条信息违规，真是无语，难道是又捅到“主子”的心窝子了？#全球疫情死亡超500万例##公知谣媒忽略的事实##新冠病毒Covid19源自哪里#
49,【破防了！#护士女儿做核酸爸爸嘱咐再晚也等#】11月11日，河南郑州，一位爸爸下班回家，看到女儿正在支援社区做核酸检测。这位爸爸不忍打搅女儿工作，在门口默默守候许久，临走又专门上前叮嘱女儿：“下班早点回家吃饭”“再晚我也在家等你。”被爸爸的这句话整破防了！在外是战士，在家是小棉袄。@都市报道 都市报道的微博视频
50,在疫情当前，到底是抗疫大于一切还是法律大于一切，如果不分清楚，接下去指不定还会发生什么幺蛾子事。
51,【这些高校，寒假提前！最新假期安排表速览 】截至目前，本轮疫情已波及21省，重要提醒：#快递包装尽量不要带进家#↓↓在此背景下，#大学是否提前放寒假#成为了很多在校大学生最关注的问题。据了解，多地高校已经开始陆续
52,#年内太平鸟已涉嫌5起抄袭事件#【#太平鸟深陷抄袭风波#】近日，国内一家小众原创服装品牌在微博发文称太平鸟一款服饰设计完全照搬旗下产品，甚至纽扣、蝴蝶结装饰的位置都一样，简直是“1：1”抄袭。太平鸟被指控抄袭已经不是新鲜事，据记者不完全统计，年内太平鸟已涉嫌5起抄袭事件，包括小众原创服装品牌及艺术家作品。值得玩味的是太平鸟对抄袭事件的态度，一边放话“原创品牌可以走法律途径”，一边及时下架涉事产品。快时尚“国潮”是太平鸟给自己的定位，不断推联名、打造爆款成为太平鸟的发展战略之一。凭借极快的产品迭代和上新速度，即便是在2020年服装行业整体受疫情影响下，太平鸟业绩也有所上升。不过，就如业内人士所说，极快速的产品迭代、上新会在一定程度上导致设计周期不断被压缩，甚至可能出现模仿、借鉴某些品牌的情况。如今，在太平鸟三季度净利已经出现下滑，在快时尚的赛道上，太平鸟需要多方评估，避免最后只剩下“快”。　针对不断发酵的被指抄袭事件，记者对太平鸟进行采访，但截至发稿并未收到回复。（北京商报，嘉玛）
53,【11月13日（0-24时）上海无新增本土新冠肺炎病例，新增5例境外输入病例】#最新#市卫健委今早（14日）通报：2021年11月13日0—24时，通过口岸联防联控机制，报告5例境外输入性新冠肺炎确诊病例。新增治愈出院5例，其中来自俄罗斯2例，来自尼日利亚1例，来自芬兰1例，来自西班牙1例。病例1为德国籍，在德国探亲，自德国出发，于2021年11月10日抵达上海浦东国际机场，入关后即被集中隔离观察，其间出现症状。综合流行病学史、临床症状、实验室检测和影像学检查结果等，诊断为确诊病例。病例2为中国籍，在巴布亚新几内亚工作，自巴布亚新几内亚出发，经澳大利亚转机，于2021年11月10日抵达上海浦东国际机场，入关后即被集中隔离观察，其间出现症状。综合流行病学史、临床症状、实验室检测和影像学检查结果等，诊断为确诊病例。病例3为立陶宛籍，在立陶宛生活，自立陶宛出发，经丹麦转机，于2021年11月10日抵达上海浦东国际机场，入关后即被集中隔离观察，其间出现症状。综合流行病学史、临床症状、实验室检测和影像学检查结果等，诊断为确诊病例。病例4、病例5均为中国籍，在以色列工作，自以色列出发，乘坐同一航班，于2021年11月10日抵达上海浦东国际机场，入关后即被集中隔离观察，其间出现症状。综合流行病学史、临床症状、实验室检测和影像学检查结果等，诊断为确诊病例。5例境外输入性确诊病例已转至定点医疗机构救治，已追踪同航班密切接触者152人，均已落实集中隔离观察。2021年11月13日0—24时，无新增本土新冠肺炎确诊病例。截至2021年11月13日24时，累计境外输入性确诊病例2406例，出院2339例，在院治疗67例。现有待排查的疑似病例2例。截至2021年11月13日24时，累计本土确诊病例381例，治愈出院374例，在院治疗0例，死亡7例。现有待排查的疑似病例0例。截至2021年11月13日24时，尚在医学观察中的无症状感染者0例。
54,【【同心抗疫】关于招募大连市疫情防控志愿者的通知】全市广大团员青年：突如其来的疫情，打破了往日的宁静，高强度的防疫工作、不确定的隔离生活，让广大医护人员、防疫工作者和广大市民们共同面对严峻的考验。惟其艰难，方显勇毅。越是在关键时刻，广大团员青年更要充分展现党的助手和后备军的担当，听从党的号令，挺身而出、冲锋在前，以志愿服务精神点亮城市守护之光，为打好打赢疫情防控阻击战歼灭战贡献力量。当前，我市正处于抗击疫情的关键时期。大连团市委、市青年志愿者协会现面向全市招募疫情防控青年志愿者，按照《关于青年志愿者组织和志愿者开展疫情防控应急志愿服务的工作指引》的要求，此次招募坚持“本地化、社区化、组织化、安全第一”原则，根据需求组建各县区志愿服务队伍，原则上不开展跨区域志愿服务，严格落实对在岗志愿者的防护措施，就便民服务、秩序维护等方面志愿者进行招募，在本地区防指统一安排部署和团组织指导、统筹协调下，依法有序开展疫情防控应急志愿服务，共同抗击疫情。具体招募情况如下：（一）招募条件：1. 思想政治坚定，具有奉献精神；2. 年龄18至45周岁，近半个月内无发热史且未到过中高风险地区，辽事通健康码显示未见异常，个人及家庭共同居住人员身体健康；3. 热心公益，吃苦耐劳、乐于奉献，具有较强的社会责任感；4. 组织纪律性强，能服从组织安排，有序的参与到志愿服务活动中，无不良记录或有损志愿者形象的行为；5. 具有志愿服务经历的优先。（二）服务时间及志愿服务保障积极准备，随时待命，具体详细服务时间依照当地防指需求而定，并通过建立的微信群随时发布。各级团组织要为参与服务的志愿者提供岗前培训和相应的防护措施。志愿者意外伤害保险由各区市县团委负责指导志愿者在相关网站注册并领取，活动结束后为志愿者提供志愿服务证明，并适时对表现突出者给予通报和宣传。（三）招募类别和加入方式请根据您所在的区域扫描相应二维码进入群中或打电话报名。如遇到二维码失效情况，请添加所在区域联系人微信邀请加入，入群后请将本人群昵称改为“*区（市、县）+姓名”，同时为了更好开展志愿服务，请入群后配合提供基本信息并及时关注群内通知。欢迎富有爱心的您积极踊跃报名加入志愿服务队伍中！如有任何疑问，请致电二维码上方的联系人。防控疫情，需要您的加入！#大连战疫##提升莲城品味##辽宁好网民抗疫在行动#
55,【泉水管控区里，有他们在！】截至目前，甘井子区共有4个区域被划定为中风险地区。其中3个区域在泉水街道，泉水街道也已经开始进行封闭管理。#大连战疫##提升莲城品味##辽宁好网民抗疫在行动#
56,【破防了！#护士女儿做核酸爸爸嘱咐再晚也等#】11月11日，河南郑州，一位爸爸下班回家，看到女儿正在支援社区做核酸检测。这位爸爸不忍打搅女儿工作，在门口默默守候许久，临走又专门上前叮嘱女儿：“下班早点回家吃饭”“再晚我也在家等你。”被爸爸的这句话整破防了！在外是战士，在家是小棉袄。#吉林乌拉圈# @都市报道 都市报道的微博视频
57,#红十字在行动#【贺兰山下志愿红——宁夏红十字志愿者抗击疫情纪实】近期，宁夏红十字志愿者支援疫情防控一线，开展社区疫情防执勤入户、为居民提供心理支持和援助、参与运送防疫物资等志愿服务，用爱心汇聚力量，用行动传递温暖。抗疫一线勇士多 贺兰山下志愿红 ——宁夏红十字志愿者抗击疫情纪实（宁夏红十字会）
58,【@ 全国医护人员，11月18日-11月30日，东方明珠电视塔可免费登塔游玩】#便民提示#为表达对抗疫一线医护人员的关心尊重，11月18日至11月30日期间，东方明珠电视塔对全国医护人员及一名随行家属实行免费参观礼遇，医护人员可凭“医师执业证书或护士执业证书”、本人及随行家属身份证，至东方明珠电视塔1号门售票处领取当日参观门票，参观项目为东方明珠电视塔263米主观光层、259米全透明悬空观光廊、90米室外观光走廊、78米“更上·海”环动多媒体秀、0米大厅上海城市历史发展陈列馆，详见↓ 
59,【国家卫健委：#石家庄等地疫情平稳#，已趋于控制】#全国疫情整体趋于平稳#11月13日，国家卫生健康委疾控局副局长吴良有在国务院联防联控机制新闻发布会上表示，目前，全国疫情整体趋于平稳。前期受疫情影响的多个省份疫情已得到有效控制，成功阻断了病毒的传播。黑龙江黑河、河北石家庄、四川成都等地疫情平稳，已趋于控制。辽宁大连、北京、河南郑州、江西上饶、云南德宏等局部地区的疫情仍需关注。(央视新闻客户端）#加油河北##石家庄一定行#
60,【#前三季结婚人数比两年前下降近2成#】 #年轻女性婚姻需求明显低于男性# 近年来，我国结婚人数持续减少、结婚平均年龄日渐增长、单身群体日益扩大、出生人口持续减少等问题，备受关注。前三季度结婚登记588.6万对 河南最多民政部近日发布的数据显示，2021年前三季度共有588.6万对新人登记结婚。2020年同期，这一数据是589.4万对。也就是说，今年前三季度结婚登记人数同比微降了0.1%。不过，由于受新冠疫情影响，2020年前三季度结婚人数下降幅度比较大。因此与2019年前三季度713.1万对的结婚人数做比较，就会发现，今年前三季度比2019年同期减少了124.5万对，降幅达17.5%。
61,【谈到新中国起步时的苦日子，非洲人都不信】#新中国刚起步是怎样的# 最近电影《长津湖》大火。我看到有个段子说：志愿军告诉美军，什么是钢铁意志；美军告诉志愿军，什么是钢铁工业。两边都被对方震撼了。但时光流转，从这次新冠病毒疫情防控大战看出，美国人“学会了”视死如归，病死七十万跟玩似的；中国人学会了后勤上的装备碾压，各种医疗资源跟不要钱似的。大家好像都活成了自己想要的样子。#回忆与思考# 观视频工作室的微博视频
62,【国家卫健委：一旦发生疫情 500万人口以下城市要在两天内完成全员核酸检测】国家卫生健康委医政医管局监察专员郭燕红介绍，一旦发生疫情，500万以下人口的城市，要在两天以内完成全员核酸检测；500万以上人口的城市，要在三天以内完成全员核酸检测。各地要按照上述要求对核酸检测能力储备、采样人员安排、实验室检测安排、样品转运安排等做出预案。
63,【#辽宁新增60例本土确诊#】11月13日0时至24时，辽宁省新增60例本土新冠肺炎确诊病例，为大连市报告；新增1例境外输入新冠肺炎确诊病例（为无症状感染者转归），为沈阳市报告。新增治愈出院境外输入无症状感染者1例。截至11月13日24时，全省累计报告确诊病例707例（含境外输入142例），治愈出院463例，死亡2例，在院治疗242例(本土235例、境外输入7例)。目前，尚有70例（本土54例、境外输入16例）无症状感染者在定点医院隔离治疗。#辽宁好网民抗疫在行动#
64,【#朋友留字条替被隔离车主求情#：隔离中车被贴4张罚单】据@时间视频 报道：11月12日，陕西西安。一辆贴有4张罚单白色轿车窗上，留下一落款为车主朋友的字条。字条上称，车主被隔离兰州，希望交警能手下留情。车主表示，因疫情被隔离在兰州，知道有罚单后就让朋友帮忙贴了个说明，交警看到留言后没再贴罚单，感觉他们还是挺人性化的，之后已将车钥匙寄给朋友，目前车已挪走。时间视频的微博视频
65,【#3名体育生4小时堆出防疫医护雪人#：向医护人员致敬】#全民正能量#11月10日，辽宁沈阳。一段沈阳体育学院学生在校园堆白衣天使雪人的视频走红。制作者田同学表示，因为沈阳最近下了大暴雪，国内疫情又严峻起来，想到防疫人员在大雪天工作很辛苦，自己和2名室友便用4个多小时堆出防疫医护雪人，向医护人员致敬，希望雪化了疫情就结束了。 沸点正能量的微博视频
66,抛弃两极的极端防Y政策感觉意大利🇮🇹的政策最人性化 最合理我们都是经历者#海外抗疫日记##防疫##疫情# Souleasy逆权者的微博视频
67,#大布正能量#【运物资保民生 52名快递小哥在行动】自疫情发生以来，庄河市邮政管理局积极响应，组织邮政、快递多家企业52名从业人员加入到志愿者队伍。11月7日，52名志愿者上岗第一天，恰逢入冬以来最大寒流抵达庄河。在风雪中，快递小哥志愿者的身影出现在核酸检测点、小区卡点等地，进行值班和物资搬运。有时因为搬运物资太多，快递小哥们错过了用餐时间，气温降低也让防疫工作面临着巨大考验，但是，没有一个人临阵退缩，大家都坚守在志愿者工作一线。（资料：大连市邮政管理局 文字：毕重伟 图片由受访单位提供）#大连战疫##辽宁好网民抗疫在行动#
68,#核酸检测##意不意外惊不惊喜#医护人员给鸡做核酸检测，场面有点搞笑 鸡：这辈子也没想到会被捅嗓子眼…😂 Syliva今天也是元气满满的亿天的微博视频
69,很多时候吧，不同层级的人对事情优先级的判断是不同的。一条狗被“无害化处理”，搁一些网民那里是天大的事情，搁为被疫情整的焦头烂额日夜不休的防疫领导那里可能真不是个多大事儿。你想想一个城市疫情爆发后，有多少十万火急火烧眉毛的事情需要处理和协调，一条狗的事儿，在海量的防疫工作面前能排到啥优先级？对老百姓而言，我家的狗，我家的金鱼，我家的花花草草那都是天大的事儿。但搁到一场战争里，确实有时候顾不上。工作只能慢慢改进逐步细化，大家对日夜操劳的一线防疫人员多一些担待吧。
70,【#辛集统一启用新版疫情防控车辆通行证#】为进一步加强疫情防控工作，统一、规范、压缩市域内通行车辆，最大限度减少疫情传播风险，辛集市应对新冠肺炎疫情工作领导小组办公室决定，原发放的各类车辆通行证一律作废，启用由辛集市公安局交管大队统一制作核发的新版车辆通行证。自2021年11月12日0时起 ...
71,如果狗狗阳性，避免疫情传播，可以人道死亡。扑杀隔离宠物狗，工作简单粗暴，道歉求得谅解，还要赔偿。【#隔离宠物狗遭扑杀当事人称受到不小压力#】今天凌晨，#上饶官方通报隔离宠物狗被扑杀# ，信州区西市街道新冠疫情防控指挥部通报称，已向当事人道歉并取得谅解。11月13日起，当事人傅小姐的微博账号下，所有关于“上饶一隔离宠物狗疑似被扑杀”微博已消失不见。傅小姐表示，工作人员当时仍然没有找她说明事情经过，但由于事件的持续发酵，她与身边人都受到不小的压力，对此，她选择将自己的微博设置了隐私权限。据@东方网 ，一位同住金凤花园的网友也遭遇了类似的情况，“我也是从家里监控看到他们（防疫人员）拿着黄色塑料袋和铁棍进来（家）了。”官方通报“隔离宠物狗遭扑杀” 当事人：事发后受到不小的压力
72,#首款吸入式新冠疫苗亮相健博会#全球首款吸入式新冠疫苗亮相，12日，康希诺生物股份公司携全球首款吸入式腺病毒载体新冠疫苗克威莎亮相第五届海南健博会。据介绍，康希诺生物与军事医学研究院陈薇院士团队联合研发的腺病毒载体新冠疫苗克威莎已获批附条件上市，并在国内外大规模接种，安全性、有效性获得广泛认可。该款吸入式新冠疫苗在制剂配方未改变的情况下，使用专用设备将疫苗雾化成微小颗粒，通过吸入的方式进入呼吸道和肺部，从而激发黏膜免疫、体液免疫和细胞免疫三重保护，无痛安全便捷，可及性更高 颜值品鉴的微博视频
73,#大连庄河一地调整为高风险地区# 【大连1地升为高风险地区 新增3个中风险地区】11月13日，大连市新冠肺炎疫情防控总指挥部发布公告，按照国务院联防联控机制关于科学划分、精准防控等工作要求，结合目前大连市新冠肺炎疫情形势，经辽宁省总指挥部同意，将大连市庄河市新华街道小寺社区调整为高风险地区；将庄河市城关街道日新社区世纪百合小区、甘井子区泉水街道怡佳社区阳光驿城小区P1区51号楼和甘井子区南关岭街道绿园社区悦岭街1号楼划定为中风险地区，并实施相应管控措施。（记者　杨毅）
74,【#联播财经看点#】• 北交所将于15日开市，可参与交易的投资者将超400万户• 全国首例证券集体诉讼案宣判，责令康美药业赔偿24.59亿元• 国家发改委：寒潮之后，煤炭生产快速恢复• 8天时间，大连累计报告本土确诊病例135例
75,【正在直播：河北辛集市新冠肺炎疫情防控工作新闻发布会】11月12日，河北辛集市新冠肺炎疫情防控工作新闻发布会，介绍有关情况。#聚焦新冠肺炎疫情##微博直播台# 新京报我们视频的微博直播
76,【#本轮疫情波及全国21个省份# 转！警惕！】全球新冠肺炎确诊病例已突破2.5亿例，一些国家新增确诊病例数接近或超过此前高点，我国外防输入压力持续增大。截至目前，本轮疫情波及全国21个省份。随着冬季来临、气温降低，#新冠与流感叠加流行的风险增加#。（央视新闻）央视新闻的微博视频
77,#IU新冠病毒检测为阴性#通报全部阴性#今日热门# 挖图志的微博视频
78,我们一起打疫苗🌱苗苗苗苗苗【#我国年底前将完成3至11岁人群新冠疫苗接种#】今天，一群幼儿园小朋友来到北京市学院路街道社区服务中心，接种他们人生中的第一剂疫苗。小团记者于莉在现场～看看有哪些勇敢宝宝吧！ CGTN记者团的微博视频
79,#时事#神操作又来了！为了不传播新冠病毒，印度人放火焚烧5G信号塔 值得敬佩的身影的微博视频
80,11月12日，沈阳支援大连重要生活必需品供应！首批50辆货车今日发车！#辽宁抗疫日记##大连疫情#
81,【实打实的爱！#高校封寝妈妈为女儿送来24斤食物#】近日，辽宁大连一学校因疫情封闭寝室楼，一妈妈给女儿送来整整一箱24斤食物。当事人金同学称，自己就跟妈妈说了句封楼了，没有吃的了，妈妈就说要来送吃的，没想到一下送来了这么多，当时拎着这些东西也不觉得沉，只是激动到想哭。 荔枝新闻的微博视频
82,外交部：中国已成为世界上对外提供新冠疫苗最多的国家，发展中国家迄今获得的疫苗大多数来自中国。2021年全年中国将努力对外提供20亿剂疫苗！人民视频的微博视频
83,【直播回看：#直击应急物资运往大连庄河市# #大连全员核酸检测现场#】11月13日0时至24时，大连新增60例本土新冠肺炎确诊病例。14日，大连已启动第三轮全员核酸检测。@新京报我们视频 直击全员核酸检测现场，同时跟随大连八方应急救援队运送应急物资前往庄河市。#微博直播台# 新京报我们视频的微博视频
84,【#当科幻走进现实#】大连的一处核酸检测点，科幻感十足的智能机器人化身志愿者，提醒前来检测的市民做好个人防护。 中国日报的微博视频
85,【西安一#车主被贴罚单后托朋友留言求情#：因疫情隔离在兰州，车已让朋友挪走 】#朋友留字条替被隔离车主求情#11月12日，陕西西安。一辆贴有4张罚单白色轿车窗上，留下一落款为车主朋友的字条。字条上称，车主被隔离兰州，希望交警能手下留情。车主表示，因疫情被隔离在兰州，知道有罚单后就让朋友帮忙贴了个说明，交警看到留言后没再贴罚单，感觉他们还是挺人性化的，之后已将车钥匙寄给朋友，目前车已挪走。 时间视频的微博视频
86,Nature Med发表了来自York大学的英国COVID-19疫情下的儿童全因死亡率分析，调查了2020年3月至2021年2月英格兰儿童（小于18岁）COVID-19感染作为死因的情况。研究回顾了12023568名全英格兰儿童的健康数据，发现这个阶段3105人死亡，其中61人SARS-CoV-2阳性。61人中，25人因为COVID-19感染死亡，因此COVID-19在英格兰儿童中的人口死亡率为2/百万。22人因为COVID-19伴发/并发症而死亡，3人因为著名的MIS-C而死亡。99.995%感染SARS-CoV-2的儿童康复。而10岁以上、亚裔和非裔儿童死亡率显著增高。
87,【#大连34名高校学生确诊新冠##大连新增52例本土确诊病例#】#关注新冠肺炎# 11月12日，大连市新冠肺炎疫情防控总指挥部公布新增52例本土新冠肺炎确诊病例的详情及行程轨迹，其中34例确诊病例为高校学生。确诊病例94：庄河市大学城就读学生，居住在学校宿舍。11月9日被转运至集中隔离酒店，隔离期间核酸检测阳性，随即转入省新冠肺炎集中救治大连中心隔离治疗，经省专家组会诊为无症状感染者。11月11日转归为确诊病例（轻型）。1月6日-11月8日，在校未外出。确诊病例103-134：均为庄河市大学城就读学生，居住在学校宿舍。11月11日在重点人群主动排查中核酸检测阳性，随即转入省新冠肺炎集中救治大连中心隔离治疗，经省专家组会诊均为确诊病例（轻型）。11月6日-11月10日，均在校未外出。确诊病例135：庄河市大学城就读学生，居住在学校宿舍。11月11日在重点人群主动排查中核酸检测阳性，随即转入省新冠肺炎集中救治大连中心隔离治疗，经省专家组会诊均为确诊病例（普通型）。 11月6日-11月10日，在校未外出。（中国新闻网）
88,【打了流感疫苗还能打新冠疫苗吗？】最近到了接种流感疫苗的季节，那么新冠疫苗和流感疫苗两种疫苗都接种，需要注意哪些？#健康小知识# （via：@中国数字科技馆 ）科普中国的微博视频
89,【#民警找回被盗戒指和现金新郎送喜帖致谢#】近日，重庆。据“平安沙坪坝”，市民王先生报警称自己的结婚对戒和5万元现金被盗。民警以最快速度破案，王先生专程送上喜帖道谢，邀请民警战胜疫情后上门喝喜酒。民警找回被盗戒指和现金，新郎送喜帖致谢 澎湃新闻的微博视频
90,【#外卖小哥半夜在隧道躺电瓶车上睡觉# 拍摄者：洪水加疫情很不容易，感同身受很心酸】11月12日，河南郑州。郑州一隧道内，一外卖小哥躺电瓶车上盖被子睡觉的视频引发网友关注。视频拍摄者黄先生称，当时是夜里2点多，自己在隧道遇见了。自己是白天上班，晚上兼职跑代驾，很能感同身受，感觉都不容易，挺心酸的。（来源：搜狐千里眼 ） 搜狐千里眼的微博视频
91,德国新闻 德国疫情再破纪录 乐子阿姨的微博视频
92,#崇德向善致敬模范# 【第八届全国道德模范提名奖：严正】严正，男，汉族，1974年2月生，中共党员，上海市静安区彭浦镇社区卫生服务中心全科团队长。在国家博物馆内，有一份特殊的“藏品”——51把钥匙。这51把钥匙承载着社区医生严正对51户患者的暖心承诺，也寄托着患者及家人对其满满的信任和感激，他用这些钥匙打开了医患之间的关爱和信任之门。1995年，严正从上海中医药大学毕业后踏上工作岗位，成为一名社区医生。此后的26年里，他以诚信的态度、精湛的医术、高尚的医德，秉持医者仁心，无私奉献群众，成为一方百姓信赖的“健康守护者”。家住彭浦镇万荣小区的陈阿姨患有脑梗死、肢体偏瘫，失去生活自理能力。严正每周至少3次上门，为陈阿姨做推拿和针灸治疗。因为家里缺少人照顾，陈阿姨干脆就把自家钥匙交到严正的手里。自此以后，1把钥匙，10把钥匙……先后有51位患病老人把自家的钥匙交给了他。从此，严正成了社区居民的“自家屋里厢人”。严正坚守医生职责、信守承诺，总是在居民最需要的时候出现在他们身边。他服务的患者多为70岁以上、脑梗或中风偏瘫等卧床不起的老人，还有冠心病、糖尿病患者，或是无依无靠的独居老人。他手机24小时开机，随叫随到，即便占用休息时间也从不计较。他常常顶风冒雨坚持出诊，夜半时分紧急飞奔，只为尽早帮患者解除病痛。严正恪尽职守，不负生命嘱托。“五心工作法”是他多年工作总结出来的心得。按照这种方法，工作中耐心问诊，不遗漏一点点蛛丝马迹；治疗上因人而异，注重心理疏导；将专业技能灵活运用到每一名患者身上，让病患恢复健康。2020年新冠肺炎疫情期间，为保证长期卧床老年患者的治疗不被中断，在做好自身防护的前提下，他仍坚持为老人们提供上门服务。截至2020年底，严正累计接待门诊患者13万余人次，上门服务4.9万余人次，建立家庭病床1300多张。严正荣获全国医药卫生系统先进个人、全国敬老爱老助老模范人物、最美医生等称号，荣登“中国好人榜”。
93,#大学是否提前放寒假#要看疫情形势的发展。
94,【#与确诊病例同饭店用餐11人主动居家隔离#】11月13日中午，朝阳来广营居民小徐看到媒体通报，得知同事们十余天前就餐时曾和新冠确诊病例时空重合。11位部门同事都迅速向社区报告，并和家人一同进行居家医学观察。因为气温回升、天气晴朗，徐女士本打算下午和父母一起去附近的公园逛逛，可周六中午，公司的部门微信群突然响了。同事把一则疫情通报新闻转发进了群里，大家发现，一位新冠确诊病例曾到访望京附近某饭店，而仅在1天后，部门11位同事也在那里的包间用餐。大家没有犹豫，在简单讨论之后，就向单位和各自所在社区进行了报备。徐女士说，在这个问题上，她和同事们都态度一致，“我们没有想太多，比如影响生活、耽误工作什么的，都没顾虑，就觉得应该赶紧按政府的部署报备。”下午3时，徐女士在居民微信群里将这一情况告知包片社工，社工立即拨通了她的电话，询问徐女士及同住家人的身份证号、手机号，请她足不出户等候反馈。约10分钟之后，社区党委书记再次致电，详细核对了徐女士的用餐日期、时段、包间号等信息，并叮嘱：“您和家人从现在起要进行居家医学观察，具体时间等疾控部门通知。这期间不要和外面的人接触，生活上碰到一切困难，都随时跟我们讲。”徐女士的10位同事也都处在居家医学观察中，单位也为她所在的部门制定了居家办公方案。“我们希望以实际行动告诉大家，如果每个单位、每个人都按照政府的部署来做，疫情很快就会得到遏制。”徐女士说。@北京晚报
95,#助力冬奥 消防有我# “相约北京”冰球国内测试活动正在国家体育馆有条不紊地进行着，本次测试活动具有外籍人员多、测试范围广、防疫标准严等特点，对场馆而言，既是冬奥会赛前最后一次实战化全面练兵，又是在疫情防控常态化条件下检验办赛能力的“综合性大考”。（北京2022年冬奥会）@河北青年报 @张家口消防 北京2022年冬奥会的微博视频
96,【#北京来福士商场有密接到访暂时闭店#】11月11日，北京来福士商场发布公告称，所有人员、环境核酸检测结果均为阴性。接政府通知，因新冠疫情密接人员曾到访，11日起，北京来福士商场暂时闭店。通知称，来福士办公楼和雅诗阁服务公寓正常运营，访客等外部人员进入须提供11月9日之后的核酸检测报告。#聚焦新冠肺炎疫情# 新京报我们视频的微博视频（记者：王艺 制作：李东旭 运营：张高歌）
97,【#大连坚持非必要不出门#】据@大连发布 消息，目前，大连市新冠疫情防控形势复杂严峻，遏制病毒传播的有效途径就是减少人员流动，请大家严格遵守大连市疫情防控相关规定。一、增强风险防范意识。坚持非必要不出门，尤其是不要前往大连市封控区和有疫情发生的小区。居家隔离人员要严格落实防控要求，坚决做到“足不出户”。配合有关部门采取安装监控设备、电子门磁、贴封条等方式方法，确保人员做到足不出户。对因就医等确需外出人员，须经属地疫情防控指挥部同意，安排专人专车，全程做好人员防护，落实闭环管理。二、遵守疫情防控规定。居家隔离人员一定要严格执行居家隔离工作细则等有关规定，科学规范落实居家隔离各项要求，做到科学居家、人不出户。如在居家隔离期内人员擅自外出的，一经发现，按照相关法律法规依法进行处罚，该户所有居家隔离人员及同楼栋所有人员全部实施居家隔离管控，并重新计算居家隔离时间。同时，对不遵守规定人员一律纳入诚信记录。
98,【四川成都一#男子隔离期酒店房间内绕床跑半马#】四川成都的李先生因疫情原因被安排到酒店隔离。11月9日隔离第二天，李先生觉得自己一直躺着也不是办法，加上平时就很爱运动，于是用视频记录下在酒店房间跑“半马”的过程，还利用台灯等设施进行锻炼。李先生表示，运动和与网友们的互动减轻了自己的孤独感。新京报我们视频的微博视频
99,近日，怀柔区卫生健康监督所联合区公安部门，共同对辖区内门诊部、诊所等小型医疗机构进行疫情防控工作联合执法检查。 确保小型医疗机构诊疗工作规范、安全、有序，切实保障辖区居民就诊安全。
100,#健康冀语# 【不用扫两次了！河北健康码行程卡一页可查，通行更方便】在疫情防控大环境下，大家如何更便捷找到健康码和行程卡，实现快速通行？如何查询疫苗记录、核酸检测记录？上支付宝首页一点就是健康码，更方便大家出行展码。不用扫两次了！河北健康码行程卡一页可查，通行更方便
101,【辽宁庄河：全面开展大学城疫情应急处置，中小学已发现5名阳性病例】“大连发布”微信公众号消息，11月14日上午，大连市政府新闻办公室举行新冠疫情防控工作新闻发布会，会上相关负责人介绍，庄河大学城现有东西两个校区，共有学生14662人，其中西校区10011人，东校区4651人，两个校区共有教职员工984人。截至11月14日8时，已公布的确诊学生病例主要分布在西校区的3号公寓A区、B区和7号公寓。目前，确诊病例均已转入大连市公共卫生临床中心隔离治疗。11月4日，大学城与主城区同步启动封控措施，教学活动暂停，学生在宿舍内封闭管理。11月7日出现阳性病例后，对大学城东西两个校区同步实施全面封控，抽调力量组建应急工作专班进入两个校区，紧急启动疫情应急处置，协助校方做好学生管理和服务，防止疫情外溢。安排医护人员对所有在校人员和工作人员每日开展一次核酸筛查。同时，每日组织专业力量对校园公共区域、宿舍内公共区域开展专业消杀2次以上。为快速阻断病毒传播链条，公安、疾控部门成立流调专班排查密接者，对已经确定的密接者和高风险人员转运至大连市的集中隔离酒店，实行单人单间集中隔离。截至11月14日8时，已累计闭环转运密接者及高风险人群3291人。涉疫的3号公寓A区、B区和7号公寓学生现已全部转运至隔离酒店集中管理，两栋公寓全部清空。西校区现有学生7884人，分布在31栋2503间宿舍内封闭管理。11月13日第九轮核酸检测东西两个校区共检测样本14315份，结果全部为阴性。在生活保障方面，紧急抽调近400名机关企事业单位人员、社区防疫人员和志愿者，在采取二级防护的条件下进驻学生公寓，参与配合校方开展宿舍疫情封闭管控、餐饮配送和生活垃圾清运等工作。在校学生封控期间三餐免费，食品、饮用水和物资无接触、点对点配送至宿舍门口，每日配送餐饮、日用品等物资近5万份。为确保稳定供应，储备食品以及各类防疫物资63万份。校方外派工作组54人会同庄河市应急处置专班共同维护学校供水、供电和供暖稳定运行，组织78名辅导员、3490名学生干部、4名专职心理辅导教师，会同大连市心理学会49名专家共同开展心理辅导，目前学生情绪总体稳定，校园运行秩序良好。“大连发布”微信公众号消息，11月14日上午，大连市政府新闻办公室举行新冠疫情防控工作新闻发布会，会上相关负责人介绍强化中小学校园疫情防控相关情况时表示，庄河市共有中小学73所（其中公办学校72所，民办高中1所），学生5.05万人，教职工6000余人。截至11月14日8时，共发现5名阳性病例。5名阳性病例中，高中生2人，小学生3人；农村地区学校2人，城区内学校3人。目前，5名阳性病例已全部转入大连市公共卫生临床中心隔离治疗。
102,#早读辽宁# 【沈阳故宫、东陵、北陵昨日起正常开放】1、沈阳故宫11月11日起正常开放。全网售票，实名预约。观众请在沈阳故宫博物院官方微信、官方网站以及美团（含携程）OTA渠道实名购票，预约参观。2、限流参观。观众量控制在最大承载量的50%，即16000人。3、观众入馆前，须在大清门安检处出示身份证、辽事通健康码、通信大数据行程卡以及新冠疫苗接种记录，经安保人员检测体温正常后，方可进入馆区。按照沈阳市最新疫情防控要求，通信大数据行程卡黄码、红码的观众谢绝入馆。4、省外来（返）沈人员需要提供48小时内核酸检测阴性证明和来沈后核酸检测报告。5、请观众全程佩戴口罩，不聚集不扎堆，积极配合做好疫情防控工作。6、当院内某区域观众密度较大时，工作人员将根据具体情况采取安全措施，请观众予以理解配合。7、清福陵（东陵公园）、清昭陵（北陵公园）11月11日起正常开放。8、雪后天冷路滑，请各位观众注意出行及参观安全。沈阳故宫博物院2021年11月11日
103,【石家庄一村党支部书记因劳累过度倒在防疫一线，享年44岁】记者从河北省石家庄市深泽县相关部门获悉，2021年11月11日上午9时45分，深泽县铁杆镇何家庄村党支部书记何超同志，因劳累过度，脑干出血，倒在新冠疫情防控一线，享年44岁。
104,【#大连本轮疫情病毒为德尔塔变异株#】11月11日，大连市政府秘书长衣庆焘在大连疫情防控工作新闻发布会上通报称，大连本轮疫情发生后，当地立即同步启动基因测序工作，已完成庄河市16例病例24份样本的新冠病毒基因组测序，属于VOC/德尔塔变异株（B.1.617.2进化分支）。 （记者 杨毅）
105,【疫情形势好转 #日本或于明年2月重启旅游补贴#】日本政府人士11日披露，鉴于国内疫情形势好转，政府考虑明年2月重启旅游补贴政策，但会作适当调整，可能下调补贴比例。调整后的补贴政策可能把每晚住宿费补贴比例由35%降至30%，上限不超过1万日元（约合人民币561元），以便让更多经济型酒店受惠；为鼓 ...
106,#浙大博士生和蜜橘商家的聊天记录#看见这条新闻，让我想起了曾经疫情最艰难的时候。那时候由于物资紧缺，没有足够的护目镜，一线的医护人员只能拿泳镜代替护目镜，当店家得知我们是医护人员，因为防护疫情以及物资紧缺的原因来购买泳镜时，义无反顾的决定捐赠给我们。在疫情防控上，泳镜无法真正代替护目镜，但店家的善心却温暖了那个冬天的我们。#V光计划##健康过冬指南#
107,疫情之下，社会百态。但……狗狗何错？
108,#崇德向善致敬模范# 【第八届全国道德模范提名奖：杨琳】杨琳，女，汉族，1995年7月生，共青团员，吉林省长春市高新园区阳光口腔门诊部执业护师。面对突如其来的车祸爆炸事故，杨琳不顾自身安危，毅然下车开展救援，及时救出3名命悬一线的群众，“用生命守护生命”，谱写出一曲新时代的“青春之歌”。2018年9月15日下午，杨琳和母亲驱车沿新鲁高速行驶。前方突然发生车祸，事故车辆相撞后迅速起火，发生猛烈爆炸，遍地都是玻璃碎片。危急情况下，杨琳毅然下车展开营救。她先把一个血肉模糊的伤者从事故车里拖到安全位置，查探伤情，给予简单处置。当得知“车里还有人”时，她不假思索，又冲向正在燃烧的车辆，弯腰躲过车辆再次爆炸时飞溅的碎片，四处寻人，发现了躺在车旁的第二名伤者。因为跑得太急太快，杨琳重重地摔倒在地。但她顾不上自己磕伤流血的膝盖，迅速爬起来，奋力冲到伤者身边，发现这名伤者意识已经模糊。杨琳临危不惧，冷静处理，找来木板固定伤者右下肢，脱下外衣给伤者披上。为了让伤者保持意识清醒，她紧握着伤者的手，不停地说：“别怕，我是护士，你要坚持住，一定要挺到救护车来！”忽然，车辆再次发生爆炸。爆炸声中，杨琳听到远处传来呼救声。她立即寻找，当发现第三名伤者时，他正双手死死抓住高速护栏，栏杆下面是深沟，稍一松劲后果不堪设想。她大声求助远处的司机，并指导司机一起把这名伤者抬到安全位置。她凭借所学医疗知识，初步判断其受到严重内脏伤，便迅速采取措施稳定伤者病情。120救护车赶到后，杨琳向前来救护的医务人员交代了3名伤者的详细病情。杨琳用勇义坚守，护卫人民群众生命健康。2020年，新冠肺炎疫情发生后，她主动请缨到发热门诊工作，积极参与社区防疫，并驰援通化，为市民做核酸检测。杨琳荣获吉林省道德模范称号，当选“感动吉林”2018年度十大人物。
109,【#9岁男孩做核酸认出医护妈妈互不打扰# 】近日，四川成都，一名三年级男孩做核酸检测时碰上工作的医护妈妈，双方认出后互不打扰，老师问男孩这是谁，男孩害羞地说这是妈妈。老师称，男孩的妈妈刚好负责检测这个年级的同学，自己没有提前告诉孩子，母子二人已两天没有见面，觉得医护人员很不容易，看着看着就流泪了。 @西部决策 西部决策的微博视频
110,【直播：#大连市疫情防控新闻发布会#】11月13日0时至24时，#辽宁新增本土确诊病例60例#，均在大连。14日，大连召开新冠肺炎疫情防控工作新闻发布会，请市卫健委副主任、新闻发言人赵连，庄河工作组副组长、庄河市代市长孙功利通报大连市疫情防控工作情况。@人民网 为您直播，共同关注↓↓ 人民网的微博视频
111,【#多所高校因疫情提前放寒假#】#多所高校因疫情调整寒假时间#为了进一步做好校园疫情防控工作，保障师生员工健康安全，河南大学、哈尔滨工程大学、吉林大学、厦门大学等多所高校根据国内疫情形势和学校实际情况，结合师生意愿和需求，陆续调整寒假放假时间，详戳↓↓ @人民网 最新！多地高校调整寒假放假时间 查看图片
112,【#海洋中或堆积了2.8万吨新冠废物#】#模型显示2.8万吨新冠废物流入海洋# 据美国趣味科学网站10日报道，中美科学家携手建立的新模型显示，在新冠疫情肆虐期间，超过28000吨与疫情有关的塑料废物，如口罩和手套，最终流入海洋。英国《卫报》报道称，这些新冠垃圾需要2000多辆双层巴士才能装下。在未来几年内，因为新冠疫情而扔掉的塑料手套和部分包装材料很可能会出现在北极。（科技日报 图源：视觉中国）
113,【辽宁疾控发布健康提醒】截至11月11日24时，我省大连市累计报告135例本土确诊病例、80例本土无症状感染者，疫情呈现单位聚集性、家庭聚集性和学校聚集性等特点，病毒载量高、传播速度快、传染性强。为保护全省人民的生命健康安全，省疾控中心紧急提醒广大居民要做到：一、请及时关注所在地区疫情形势变化及防控要求，有涉疫地区旅居史、与病例活动轨迹重叠的人员须主动报备，或发现健康码变为“红码”或“黄码”的人员，配合做好信息登记、核酸检测、隔离、消毒等防控措施的落实。二、少流动，少聚集，近期非必要不离辽、不前往国内中高风险地区和报告阳性病例地区，不与来自中高风险地区、健康状况不明的人员密切接触。三、建议从外省来（返）辽以及近期有报告阳性病例地区旅居史的人员，及早做1次核酸检测，并自我健康监测14天；如有发热、乏力、干咳、咽痛、嗅（味）觉减退、腹泻等不适症状，应避免乘坐公共交通工具并前往医疗机构发热门诊就诊。四、积极配合落实各项防控措施，保持戴口罩、勤洗手、常通风、少聚集、用公筷、分餐制、一米线等良好卫生习惯，尽早完成疫苗接种及加强免疫接种，做到不瞒报、不谎报旅居史和行程，因刻意隐瞒造成疫情扩散，将依法承担相应的法律责任。五、近日内蒙古、河北等地发现新冠病毒核酸检测阳性商品，多个省市紧急追查涉疫快递，“双十一”过后是快递物流分发运送包裹的高峰期，在运送快递过程中及接收包裹时需要注意：（一）快递小哥要全程佩戴好口罩和一次性手套并及时更换，配备快速手消毒剂；避免包裹被口水、痰或呕吐物污染，不要对着包裹咳嗽或打喷嚏；尽量采用无接触送达，如需当面送达要与收件人保持一米以上安全距离；每日健康监测，全程接种新冠疫苗，定期开展核酸检测。（二）收件人取包裹时要戴好口罩和手套，避开取件高峰，到家前按生活垃圾丢弃包裹外包装（必要时消毒），尽量不把外包装带回家；对于境外或国内中高风险地区来的包裹，包裹内外表面要用75%的酒精或1:100的84消毒液擦拭消毒，或者在阳台等室外空旷的地方放几天再打开，对包裹内物品要进行消毒；取件拆件全程避免用手触摸口、眼、鼻，包裹处理后脱去手套，用流动清水、肥皂洗手或用快速手消毒剂消毒。信息来源：辽宁省疾控中心
114,明天上午九点到晚九点，郑州市开展八区县(市)核酸检测，即：金水区、二七区、中原区、管城区、新密市、荥阳市、郑东新区、高新区。说真的这次还不错，没有一刀切，全部大停摆，统统关在家，还是不错的。当然街面上，明显人少了，店面生意难做，希望早点过，想到吞炭自尽那位烩面老板，心里难受啊！
115,【外卖配送和快递从业人员新冠肺炎疫情健康防护指南来了！】#健康科普汇#岗前防护准备1做好防疫物资储备。根据员工数量储备足够数量的疫情防控物资，包括消毒设备、消毒用品、口罩、手套、洗手液等。2保障员工每日防护用品。定期为工作人员分发口罩、手套、消毒剂等防疫物品，按照每工作4-6小时更换一次的频率进行发放。每日登记员工健康状况，测量体温，提醒员工如身体不适及时就医。3开展防疫知识培训宣传。外卖配送和快递从业人员知悉防疫要求，具备个人防护意识，熟悉应急处置流程，主动配合疫情防控工作。4员工做好自我健康管理。外卖配送和快递从业人员要及时了解外卖配送或所负责收发快递区域的疫情风险等级。上岗前检查工作服、口罩、手套和手消毒剂等个人防护用品的数量和质量，并测量体温，如出现体温异常，应当报告单位并及时就医。
116,【#阿迪达斯在华销售额大幅下降#】阿迪达斯管理层近日表示，由于受到新冠疫情以及供应链等问题的影响，阿迪达斯本季度在大中华地区的销售遇到阻碍。阿迪达斯本季度整体营收增长减少大约6亿欧元，其中在华销售额下降了15%。阿迪达斯表示，已经将1000多万件产品从中国重新分配到其他供应不足的市场。阿迪达斯此前在上海设立了新的工作室，负责研发本土化的营销战略。目标是确保中国三分之一的新产品是专门为中国消费者定制。
117,【#大连高速公路部分收费站入口实施交通管控#】根据辽宁省新冠肺炎疫情防控总指挥部综合组交通管控专班的工作要求，11月10日8时起，辽宁省高速公路运营管理有限责任公司对大连地区高速公路的庄河等36个收费站实施交通管控，即入口封闭（疫情防控物资车辆和抢险救援车辆持通行证仍可通行），出口正常通行。为尽量满足城市主要出入口车辆便捷出行，大连等16个收费站保持正常运营，由大连市防疫部门在入口设置疫情防控服务监测点，严格落实离连司乘人员卡码及24小时核酸检测阴性查验，全力阻断疫情传播渠道。管控结束时间另行通知。#大连疫情# 大连
118,【等你回家！#深泽对疫情重点区域进行全面消杀#】 不留死角！11月11日，深泽县对疫情重点区域、场所进行全面消毒消杀！#待你隔离结束归来回到一个安全的家# @河北新闻网 河北新闻网的微博视频
119,【高娓娓希腊行:海外旅游回国核酸检测居然这么简单?10分钟 20块 搞定】#v光计划##海外旅游# 高娓娓的微博视频
120,北京新增1例本土新冠肺炎确诊病例情况及健康提示11月12日0时至13日14时，新增1例本土新冠肺炎确诊病例。确诊病例：现住北京市海淀区马连洼街道菊园小区，11月8日晚与11月11日通报的确诊病例1和确诊病例2在同一饭店不同包间就餐。11月11日出现头疼、发热等症状，11月12日骑车自行前往医院就诊，就诊时主动告知可能与确诊病例有同一餐厅就餐史，医院严格按照疫情防控操作流程，第一时间启动闭环管理措施。11月12日核酸检测结果为阳性，已转至定点医院隔离治疗。综合流行病史、临床表现、实验室检测和影像学检查等结果，当日诊断为确诊病例，临床分型为轻型。目前，正在开展流行病学调查、实验室检测和密切接触者追踪，对相关地区立即采取封控管控等措施，管理各类风险人群。当前全市疫情防控形势仍然严峻复杂，要坚持从严从紧防控措施，严格落实“四方责任”，毫不松懈地抓好各项防控工作，坚决阻断疫情传播。各单位会议活动坚持“非必要不举办”原则，按照“谁主办、谁负责”“谁审批、谁负责”原则，严肃审批和纪律要求，严格落实各项防控措施，严控中高风险地区所在县（市、区、旗）人员进京参会，会议期间实行闭环管理，人员不得外出。餐馆、商场、超市、酒店、影剧院、体育场、公交车、地铁、机场候机室等公共场所，严格落实测温验码、登记、限流、佩戴口罩、保持社交距离、日常通风消毒等综合防控措施。社区（村）加强防疫管理，疫情期间坚决杜绝打麻将、打牌等聚集性活动。再次提醒广大市民朋友要自觉遵守首都各项疫情防控规定，严格落实个人防控责任，及时了解官方和媒体发布的病例轨迹信息，与病例轨迹重合人员主动向社区、单位、宾馆等报告，配合做好各项防控措施；来（返）京人员路途中注意做好个人防护，自觉配合道路卡口、高铁、机场等场所的验码测温、核酸检测证明检查等防控措施；非必要不出京，不去中高风险地区和报告确诊病例的地区旅游、出差；不聚集、不聚餐，婚事缓办、丧事简办、宴请不办，减少不必要聚会；科学佩戴口罩，收发快递注意手卫生，坚持勤洗手、常通风、一米线等良好卫生习惯。出现发热、咳嗽等症状，不参加社会活动、不乘坐公共交通工具，戴好口罩，及早到附近医院发热门诊就医，不要自行服药，以免延误治疗时机。维护首都安全环境，人人有责，自觉从我做起，从保持个人良好的卫生习惯做起。（11月13日新闻发布会发布稿）#北京疫情#
121,#首款吸入式新冠疫苗亮相健博会#全球首款吸入式新冠疫苗亮相，12日，康希诺生物股份公司携全球首款吸入式腺病毒载体新冠疫苗克威莎亮相第五届海南健博会。据介绍，康希诺生物与军事医学研究院陈薇院士团队联合研发的腺病毒载体新冠疫苗克威莎已获批附条件上市，并在国内外大规模接种，安全性、有效性获 ...
122,#广东一公司给员工大幅涨薪#企业那么多，好的公司不多，大部分公司处于一般状态，再接着就是所谓不好的公司…一直觉得，就业应该是自由的，遇到不好的公司，趁早离开，而不是一边拿着工资一边还要骂公司，除了那些良心坏掉的公司外，又有多少公司是真的容易的呢？特别是疫情以来，多少公司发不出工资，多少公司选择了关闭，又有多少公司选择了破产…
123,【#俄罗斯博士退学在中国当网红创业#】俄罗斯小伙大伟高中毕业来中国读大学，从本科读到博士，在沈阳待了七年。疫情期间他的家庭经济变得困难，博士还没读完的大伟决定退学去挣钱。将学生签证变成工作签证后，他开始在中国创业，开了四家墨西哥美食店，还成为百万粉丝博主。未来他希望努力拿到中国绿卡。#蓝V视界# @梨视频 梨视频的微博视频
124,受疫情影响，长沙会再次延期了。长沙，今年还能见不？
125,【实打实的爱！#高校封寝妈妈为女儿送来24斤食物#】近日，辽宁大连一学校因疫情封闭寝室楼，一妈妈给女儿送来整整一箱24斤食物。当事人金同学称，自己就跟妈妈说了句封楼了，没有吃的了，妈妈就说要来送吃的，没想到一下送来了这么多，当时拎着这些东西也不觉得沉，只是激动到想哭。@荔枝新闻 荔枝新闻的微博视频
126,奥地利总理宣布全国对未接种疫苗的人实施封锁由于新冠感染人数急剧上升，奥地利宣布对全国未接种疫苗的人进行封锁。奥地利总理沙伦伯格今天宣布，鉴于感染人数急剧上升，等待已不再明智，我们现在将迈出这一步。我们必须再次拧紧螺丝。具体实施从下周一开始。
127,【全球首款！#陈薇团队研发吸入式新冠疫苗亮相#“海南健博会”】11月12日，由陈薇院士团队与康希诺生物公司合作研发的全球首款可吸入式新冠疫苗，在“海南健博会”亮相。据了解，这种雾化吸入免疫，采用雾化器将疫苗雾化成微小颗粒，通过口部吸入的方式进入呼吸道和肺部，从而激发黏膜免疫，而这种免疫是通过肌肉注射所不能带来的。（总台记者朱永 高军 张文锋） 央视军事的微博视频
128,#辽宁好网民抗疫在行动# 【#3小时干完10年未干过的活# 她用爱心感召三批抗资物资运到庄河】庄河市疫情发生后，在庄河市狮子会志道服务队队长刘瑜的感召和调度下，三批抗疫物品从大连运到庄河，志道服务队担负起运输和分发抗疫物品的工作。11月10日19时，当第三批抗疫物资1900套防护服从#大连# 市运送到庄河市高速公路口，4名队员当起了“搬运工”，用了3个小时把防疫物品送到位，她们笑着说 “10年都没干过这么多活了”，这段视频在网络上火了。网友评论:“你们乐观豁达的笑声感动了一座城” 。半岛晨报的微博视频
129,#北京5例确诊病例感染德尔塔病毒#【北京疾控：5例确诊病例感染德尔塔病毒】北京市疾控中心12日凌晨通报，11月10日到11日24时，北京市共发现7例本土新冠病毒感染者（6例确诊病例和1例无症状感染者），其中朝阳区2例、海淀区5例。目前北京市疾控中心实验室已完成5例确诊病例病毒全基因组测序，序列分析显示，病毒均属于德尔塔变异株，与北京市丰台区、海淀区、昌平区关联聚集性疫情传播分支早期病例的基因序列高度同源，属于同一传播链条的可能性较大，同时不排除存在早期京外输入潜在感染者导致传播的可能，疫情详细的流调溯源工作仍在进行。（记者侠克）
130,【#北京疫情期间坚决杜绝打麻将打牌#等聚集性活动】#关注新冠肺炎# 北京市疾病预防控制中心副主任庞星火13日在发布会上表示，当前全市疫情防控形势仍然严峻复杂，要坚持从严从紧防控措施，严格落实“四方责任”，毫不松懈地抓好各项防控工作，坚决阻断疫情传播。各单位会议活动坚持“非必要不举办”原则，按照“谁主办、谁负责”“谁审批、谁负责”原则，严肃审批和纪律要求，严格落实各项防控措施，严控中高风险地区所在县（市、区、旗）人员进京参会，会议期间实行闭环管理，人员不得外出。餐馆、商场、超市、酒店、影剧院、体育场、公交车、地铁、机场候机室等公共场所，严格落实测温验码、登记、限流、佩戴口罩、保持社交距离、日常通风消毒等综合防控措施。社区（村）加强防疫管理，疫情期间坚决杜绝打麻将、打牌等聚集性活动。（徐婧）
131,【2021年11月11日0时至24时辽宁新型冠状病毒肺炎疫情情况】11月11日0时至24时，辽宁省新增52例本土新冠肺炎确诊病例（其中5例为无症状感染者转归）、新增5例本土无症状感染者，均为大连市报告；新增4例境外输入无症状感染者，为沈阳市报告。新增治愈出院境外输入无症状感染者1例。截至11月11日24时，全省累计报告确诊病例606例（含境外输入141例），治愈出院463例，死亡2例，在院治疗141例(本土135例、境外输入6例)。目前，尚有97例（本土80例、境外输入17例）无症状感染者在定点医院隔离治疗。
132,【欧洲病例激增 #世卫强调疫苗不能代替全面防疫#】周五，世界卫生组织总干事谭德塞表示无论是低接种率国家还是高接种率国家，欧洲的病例数正在激增，这是在再次警醒民众疫苗接种并不能取代其他防疫措施。他强调，各国须根据自己的情况调整防疫措施，在控制疫情和维持经济社会发展之间找到平衡。中国日报的微博视频
133,#黑龙江新增2例本土确诊# #快递包装尽量不要带进家#【自我防疫指南】@上海消防 在此提醒大家，一定要始终做好个人防护，出门戴口罩、勤洗手、少聚集、一米线，积极接种疫苗。
134,【#民航局对多个入境航班发出熔断指令#】11月11日，民航局再发熔断指令，对德国汉莎航空公司LH728航班（法兰克福至上海），新加坡酷虎航空有限公司TR116航班（新加坡至郑州）、TR120航班（新加坡至武汉），埃及航空公司MS953航班（开罗至杭州），俄罗斯航空公司SU208航班（莫斯科至上海），阿联酋航空公司EK362航班（迪拜至广州）实施熔断措施。德国汉莎航空公司10月26日入境的LH728航班（法兰克福至上海）确诊新冠肺炎旅客5例，自11月15日起，暂停该航班（周二入境）运行2班。新加坡酷虎航空有限公司10月26日入境的TR116航班（新加坡至郑州）确诊新冠肺炎旅客7例，鉴于该航班系TR138航班的奖励航班（TR116/117航班已自11月8日起因航班熔断而取消），自11月22日起，继续暂停TR138航班（新加坡至天津）运行2班；该公司10月28日入境的TR120航班（新加坡至武汉）确诊新冠肺炎旅客6例，鉴于该航班系TR180航班的奖励航班（TR120/121航班已自11月1日起因航班熔断而取消），自11月15日起，继续暂停TR180航班运行2班，因TR180航班为涉南京航班，实际已暂停运行。埃及航空公司10月27日入境的MS953航班（开罗至杭州）确诊新冠肺炎旅客5例，自11月15日起，暂停该航班运行2班。俄罗斯航空公司10月29日入境的SU208航班（莫斯科至上海）确诊新冠肺炎旅客5例，SU208航班已自11月1日起暂停运行2班，自11月29日起，继续暂停该航班运行2班。阿联酋航空公司10月30日入境的EK362航班（迪拜至广州）确诊新冠肺炎旅客8例，EK362航班已自11月8日起暂停运行4班，自12月6日起，继续暂停该航班运行2班。上述熔断的航班量不得用于其他航线。民航局要求，上述五家航空公司要做好后续航班旅客安抚和机票退改等服务工作。（民航局网站；贝塔）
135,【#张文宏说中国不会盲目开放或封锁#】11月12日，第五届海南国际健康产业博览会在海南海口开幕。张文宏在发表演讲时表示，新冠肺炎疫情不会彻底消失，即便疫苗接种达到非常高的水平，仍需实施强大的公共卫生政策，我们国家不会盲目地开放，也不会盲目地封锁。接下来，在没有达成自然感染群体免疫的情况下，就要由接种疫苗达到有效的群体免疫。 （看看新闻；贝塔）看看新闻KNEWS的微博视频
136,#光明座上宾##如何看待不买组#？#日本重启国门后疫情能否持续趋稳#？#砒霜有望靶向精准治疗白血病#……各位光明嘉宾，你最喜欢今天哪个版面？网页链接
137,#疫情期间异地恋如何见面#好感动…异地恋真的太难了…近在眼前，却远在天边 [可憐][淚][淚]松鼠视频的微博视频
138,#黑龙江疫情# 【哈尔滨市疾控中心紧急提醒】#黑龙江城市服务台#11月10日，吉林省吉林市新增1例本土确诊病例（系省外返吉人员），该病例于10月20日由秦皇岛市赴北京市公出，11月7日乘坐G3649次高铁（4车13F）返回吉林市。11月10日，在北京市新增的6例本土新冠肺炎确诊病例和1例无症状感染者中有2例确诊病例于10月28日至11月10日在北京胜利酒店和塔里木酒店住宿及开会。11月11日，北京市海淀区西三旗街道富力桃园C区调整为中风险地区。为精准落实“防输入、防输出、防扩散”防控策略，有效控制和阻断新冠疫情传播风险，哈尔滨市疾病预防控制中心特发布疫情防控提醒如下：一、请11月7日以来到过吉林省吉林市，11月7日乘坐过G3649次高铁，10月21日以来到过北京市海淀区，10月23日以来到过北京市朝阳区，10月28日至11月10日在北京胜利酒店和塔里木酒店住宿及开会以及有过其他中高风险地区旅居史或者与最近公布的病例行程轨迹有过交集，特别是同时间去过相同地点或乘坐过同航班、同车次的来哈返哈的所有人员，在做好个人防护的前提下，立即向所在社区（村屯）、工作单位、居住的宾馆报备，并配合执行疫情排查、核酸检测、医学观察等防控措施。二、提醒市民近期不要前往疫情风险地区，如必须前往，务必提前向所在社区（村屯）、工作单位报备，并注意查询目的地的疫情进展及防控措施要求，自备充足的个人防护用品及必要的消毒用品，做好防护，返哈后，要按照我市相关疫情防控政策执行。如与确诊病例或无症状感染者轨迹交集，或近期接触过上述地区相关人员，应主动向所在社区（村屯）、工作单位报备。三、如出现发热、干咳、乏力、咽痛、嗅（味）觉减退、腹泻等症状，请勿自行服药，需佩戴口罩尽快到就近的医疗机构发热门诊排查和就诊，就诊过程中避免乘坐公共交通工具，并主动告知旅居史、接触史。四、请广大市民充分认识当前疫情复杂形势，继续绷紧疫情防控这根弦，为建立免疫屏障积极接种新冠疫苗，做好个人健康防护，科学规范佩戴口罩，尤其是乘坐公共交通工具时以及在人群聚集场所活动时要佩戴口罩，乘飞机等公共交通工具时还应尽量避免接触公共用品、减少进食和饮水次数，并在日常生活中继续遵守保持安全社交距离，不扎堆、不聚集、勤洗手、常通风、少聚餐、分餐制、使用公勺公筷，咳嗽、打喷嚏时用纸巾或肘袖遮挡、进出公共场所等应积极配合体温测量、健康码（行程码）查验等卫生习惯和生活方式。
139,【2021年11月11日0时至24时辽宁新型冠状病毒肺炎疫情情况】11月11日0时至24时，辽宁省新增52例本土新冠肺炎确诊病例（其中5例为无症状感染者转归）、新增5例本土无症状感染者，均为大连市报告；新增4例境外输入无症状感染者，为沈阳市报告。新增治愈出院境外输入无症状感染者1例。截至11月11日24时，全省累计报告确诊病例606例（含境外输入141例），治愈出院463例，死亡2例，在院治疗141例(本土135例、境外输入6例)。目前，尚有97例（本土80例、境外输入17例）无症状感染者在定点医院隔离治疗。#辽宁好网民抗疫在行动#
140,【#张文宏说我们要有信心可以降低新冠肺炎流行度#】中国国家传染病医学中心主任、上海复旦大学附属华山医院感染科主任张文宏11月12日在海口举行的第五届海南国际健康产业博览会上表示，无论接种什么疫苗，无论接种率多高，新冠肺炎比以前任何一次呼吸道传染病更难对付，但是通过疫苗接种已经实现病死率下降。同时，他强调不要期望病毒流行随着疫苗接种在世界上就此消失，但是一定会有高效的疫苗和新药，在中国我们要始终怀有信心，可以降低新冠肺炎流行度。（林士杰）中新视频的微博视频 @中新视频
141,【破防了！#护士女儿做核酸爸爸嘱咐再晚也等#】11月11日，河南郑州，一位爸爸下班回家，看到女儿正在支援社区做核酸检测。这位爸爸不忍打搅女儿工作，在门口默默守候许久，临走又专门上前叮嘱女儿：“下班早点回家吃饭”“再晚我也在家等你。”被爸爸的这句话整破防了！在外是战士，在家是小棉袄。 ...
142,"【侦探游戏资讯】TGA 主持人爆料：今年会有 40-50 款游戏，十多款新作预告昨晚 TGA 主持人杰夫·基利（Geoff Keighley） 在接受 Epic 采访时透露，此次 TGA2021 预计会以“某些方式”展示 40 到 50 款游戏，新作预告则可能超过 10 部。详细采访内容如下：杰夫·基利表示：""你懂的，TGA 邀请的明星非常棒，音乐舞台演奏同样非常棒，但最重要的还是游戏。不管怎么样，真正推动 TGA 发展的还是预告片以及游戏本身。所以在今年，我们将展示出 TGA 有史以来最大规模的游戏阵容，并且还将带来很多将于 2022 至 2023 年发售的游戏与首发公告。当然这也与疫情有关，因为疫情打乱了原定的游戏开发计划。""除此之外，杰夫·基利还说：“我们很幸运，因为几乎每个开发商和发行商都希望在这次活动中提供内容。我认为以前大家才刚触及到 PS5 与 Xbox Series 机能的皮毛，因此玩家们将会在 TGA 上看到一些十分惊人的东西。届时展出的游戏片段将会提醒人们游戏行业最棒的东西还在后面。另外今年 TGA 会很紧凑，颁发奖项只占一半时间，而另一半则是游戏的公布与首秀。今年的节目中还会包括根据游戏改编的电视剧或电影。”距离此次 TGA 颁奖典礼还有不到一个月的时间，但目前我们仍然没有很多关于参展游戏阵容的消息。PS：有传言称《地狱之刃2》（Senua's Saga: Hellblade 2）将参展。#游戏资讯# 游戏超话"
143,#庄河大学城的守护者# 新冠疫情肆虐庄河，志愿者大白们不顾生命安危守护着庄河大学城的孩子们，他们说：你们就是孩子，驻守照顾你们，我们高兴，快乐！开门的孩子多穿点，别冻着！我们一起加油！ 礁点视频的微博视频
144,【#教育部回应大学是否提前放寒假#】13日，国务院联防联控机制举行新闻发布会。对于高校寒假会否提前问题，教育部防控办主任、体育卫生与艺术教育司司长王登峰表示，是否提前放寒假第一要看疫情形势发展，第二要根据属地对疫情防控措施的各方面要求。他强调，要根据各地各校实际情况，鼓励所有高校在属地管理的前提下，按照属地相关要求，再结合校园防控的要求以及课程进展情况、学习安排情况，由各地各校统一进行自主决定。
145,#神童确诊新冠#神童确认新冠，现在在隔离，啊啊啊一定要好起来 追星大嫂王淑芬的微博视频
146,【#大连连续3次发非必要不离连通告# 】#大连日均发送旅客量下降96.49%# 11日21点，大连市召开疫情防控新闻发布会，大连市交通运输局局长王少成在发布会上介绍表示，大连市总指挥部连续3次发布非必要不离连通告，不断加严管控措施，空港、铁路、港口等交通枢纽严格落实“非必要不离连”政策。《通告》发布以来，大连市日均发送旅客918人，下降96.49%。#辽宁新增52例本土确诊# 央视网的微博视频
147,【正在直播：河北辛集市新冠肺炎疫情防控工作新闻发布会】11月14日，河北辛集市新冠肺炎疫情防控工作新闻发布会，介绍有关情况。#微博直播台##聚焦新冠肺炎疫情# 新京报我们视频的微博直播
148,【媒体评隔离宠物狗被扑杀事件：#防疫期间善待宠物也是生命至上#，#无害化处置难以让人信服#】近日，江西省上饶市信州区金凤花园小区“隔离宠物狗疑被扑杀”一事引发关注。信州区有关部门13日深夜发布通报称，宠物狗已被无害化处理，已对相关人员进行了批评教育，调离相应岗位，并责令向当事人诚恳道歉。（据11月14日信州发布）当地的通报看似给出交代，其实很像是逃避“扑杀”的说法，用“无害化处置”这样更冷硬的定义，潦草地给事情画上句号。事件的原委，网友所关心的细节，执法的依据，都没有充分说明，只将相关人员批评教育、调离相应岗位的处理，也显得轻描淡写。这样的通报，很难让舆论信服，也不利于防控大局。“人民至上、生命至上”的理念，是战胜疫情最大的信心之源，唯有相信每个生命都会得到尊重和爱护，才能传递暖流，汇聚力量，万众一心，积极并自觉地投入防控之中。一只小狗的生命，说轻忽可以很轻忽，但说重要也可以很重要，因为它所承载的，是人内心所共通的关怀和敬畏，而正是这样的关怀和敬畏，让陌生的人们团结起来，一起去抗击病毒。善待宠物，善待生灵，善待每个普通内心的牵挂和在乎，才能更好地精准防控、巩固大局，才能让人们在防控的同时，也能维持正常生活的尊严，拥有战胜困难的希望。（极目新闻）
149,#北京5例确诊感染德尔塔病毒# 【防疫不松懈，这些安全科普一定要知道！】 疫情当前，安全为重，防疫第一！这些日常防疫要点你做到了吗？保护好自己才会有未来更安全更好的相见。#辽宁新增本土确诊52例# #大连新增本土确诊52例#
150,#Delta变异病毒扩散全球# 德国最新疫情数据，单日新增50196例创纪录，新增死亡235人，累计死亡97834人。今天上午这么多人聚集欢呼，没几个戴口罩，这完全是要追上美国的节奏。周边的比利时、荷兰、波兰都是每天上万例的新增，连躺下与病毒共存的丹麦每天新增几千例，已忍不住要重拾防控不与病毒玩共存了……看来世卫的预估可能小看了欧洲，这个冬天死亡50万打不住的！#全球疫情死亡超500万例##新冠病毒Covid19源自哪里# 仰止条侯的微博视频
151,【#北京海淀新增1例核酸阳性#：#北京海淀两小区封闭管控#】11月12日，北京市海淀区接报，马连洼街道菊园小区1人核酸检测结果为阳性。海淀区立即启动应急响应，第一时间开展流调排查、封控管理、核酸检测等工作，对相关人员活动所涉马连洼街道菊园小区和上地街道颐泉汇封闭管控。
152,#钟南山提醒疫苗接种半年后及时补加强针#11日，中国工程院院士钟南山表示，新冠疫苗两剂接种完了，还要补种第三剂，无论全病毒灭活疫苗或mRNA疫苗，一疗程后半年体液免疫功能均明显下降。接种第3针疫苗后人的抗体增加很快，但半年以后也会下降。 赵林-甘露公益的微博视频
153,【#张文宏称有信心降低新冠流行度#】11月12日，第五届海南国际健康产业博览会在海南海口开幕。张文宏在发表演讲时表示，对于未来、对于中国，我们不要期望病毒的流行随着疫苗的接种会在这个世界上就此消失，但是我们一定会有高效的疫苗和新药，在中国我们始终怀有信心，可以降低（新冠肺炎）流行度，但是不会就此消灭这个疾病。看看新闻KNEWS的微博视频
154,#社会新闻# 【#大连52例本土确诊行程轨迹# #大连30余名大学城学生确诊#】11月11日0时至24时，#辽宁新增52例本土确诊#均在大连市。
155,【#疫情期间的双十一如何安全收快递#？】近期，本轮新冠肺炎疫情波及全国多地，赶上“双十一”大家难免“买买买”，那么疫情期间如何收快递更安全？戳视频↓ 新华社的微博视频
156,【根据防疫需要，#长三角地区铁路部分车站暂停中转换乘#】近日，根据疫情防控需要，长三角地区铁路部分车站中转换乘通道有变化。目前，南京南站站内、上海虹桥站站内、杭州东站站内暂停中转换乘。铁路部门提醒，有中转换乘需求的旅客，请预留充足的换乘时间，出示行程码和健康码出站，然后按照车站导向标识，前往出发层进站乘车。便捷换乘何时重开将根据疫情防控形势变化而定，请广大旅客关注车站公告。央视新闻根据防疫需要，长三角地区铁路部分车站暂停中转换乘 查看图片
157,【#钟南山称疫苗接种半年后效果下降#，需及时补种】11月11日晚，中国工程院院士钟南山在全球市长论坛全体大会上表示，新冠疫苗两剂接种完了，还要补种第三剂，无论全病毒灭活疫苗或mRNA疫苗，一疗程后半年体液免疫功能均明显下降。接种第3针疫苗后人的抗体增加很快，但半年以后也会下降。研究数据有老人和小孩，两组数据都显示，接种第3针半年以后抗体和接种2次疫苗获得的抗体最高点差不多，证明了接种第3针的效果。 (广州日报)
158,【#大连39名高校学生确诊新冠# #大连新增52例本土确诊病例#】#关注新冠肺炎# 11月12日，大连市新冠肺炎疫情防控总指挥部公布新增52例本土新冠肺炎确诊病例的详情及行程轨迹，其中39例确诊病例为高校学生。确诊病例94：庄河市大学城就读学生，居住在学校宿舍。11月9日被转运至集中隔离酒店，隔离期间 ...
159,【泪目，#9岁男孩做核酸认出医护妈妈互不打扰# 】近日，四川成都，一名三年级男孩做核酸时碰上工作的医护妈妈，双方认出后互不打扰，母子二人已两天没有见面。孩子太懂事了，医护人员真不容易，看着看着就流泪了。#无口罩时代图鉴# 疫情以来，默默付出的人太多了，相信我们最终能战胜疫情！@西部决策 西部决策的微博视频
160,#护士女儿做核酸爸爸嘱咐再晚也等她#迅速集结，齐心战“疫” #近期北京海淀确诊病例已涉及三个小区##全民正能量#我们北京市第一中西医结合医院支援昌平区核酸检测，也是如此。10月30号中午，我院接上级通知，抽调20名医护人员支援昌平区核酸采集工作。接到指示后，副院长迅速统筹，安排医务科、护理部21点准时在医院集结出发。10名医护人员迅速集合，准时到达昌平，圆满完成任务。
161,【大连一#志愿者小姐姐街头喊人做核酸#】11月10日，辽宁大连，一位做核酸检测的志愿者小姐姐在街头朝过路者大喊：做没做核酸呢？一位骑车小伙经过回道：没做呢！志愿者小姐姐：来来来！里边请！网友：这无法拒绝的热情……@铁骥视频 铁骥视频的微博视频
162,【他们“疫”无反顾 只为守护人民健康】面对严峻的疫情防控形势，青海省西宁市主城区开展多轮大规模核酸检测，为筛出潜在感染者，切断疫情传播链打下坚实基础。在寒潮来袭的恶劣环境中，#医护工作者防护面罩上呼气成冰#，冻得双手红肿……他们“疫”无反顾，只为守护人民健康。 @新华网 新华网的微博视频
163,【直播！#冬春季如何防控疫情#】今天，#国务院联防联控机制举行新闻发布会#。教育部、国家卫健委、海关总署相关司局负责人和中国疾控中心专家，介绍进一步做好冬春季疫情防控工作有关情况，并答记者问。关注！ 央视新闻的微博视频
164,#辽宁好网民抗疫在行动# 【大连市疾控中心主任孙克表示：大连疫情上升势头逐步减缓总体可控】大连市疾控中心主任孙克今日接受记者采访时表示，大连本轮新冠肺炎疫情上升势头逐步减缓，正在进入平稳期，总体可控。孙克说，2021年11月4日庄河市中心医院在主动就医患者中检出1例新冠核酸阳性患者后，国家、省、市相关部门调集了大量专家和疾控人员开展控制传染源、切断传播途径等一系列有针对性地防疫工作。经过公安、公卫、工信部门的联合流行病学调查、多轮大范围的核酸筛查和严格的隔离管控，目前报告的新发病例主要在集中隔离场所中检出，这是好的信号，说明经过全市人民的共同努力，疫情在我市上升势头逐步减缓，正在从上升期进入平稳期，疫情总体可控。针对大连本次疫情阳性感染者数量上升速度较快，特别是近几日病例较多的情况，孙克分析主要有两个原因，详见↓（@大连发布 文字：大连新闻传媒集团记者 莲钰蓉）
165,#神童确诊新冠#SuperJunior成员神童确诊..正在进行自我隔离，目前其他成员没有确诊，早日康复啊 壹周娱评的微博视频
166,【和拜登对着干？美国一州国民警卫队发备忘录：可以“无视”五角大楼强制接种疫苗规定】#美国地方警卫队通知士兵无视五角大楼规定# 据“今日俄罗斯”（RT）13日报道，美国俄克拉荷马州国民警卫队本周发布备忘录，通知所管辖士兵可以无视美国五角大楼此前宣布的美军强制接种疫苗规定，且不会受任何惩罚。报道称，该备忘录由俄克拉荷马州国民警卫队副指挥官曼奇诺发布。这名副指挥官此前刚刚由该州州长凯文·斯蒂特指定委派，而斯蒂特也是抨击美国政府推行强制接种疫苗规定的代表人之一。报道介绍，俄克拉荷马州当地媒体12日首次报道了此次事件。根据备忘录内容，该州不会对拒绝接种疫苗的国民警卫队士兵“采取消极的行政或法律行动”。但报道称，该州表示，这种对自己州约1万名国民警卫队成员的“保护”仅在“州内有效”。如果他们需要赴军事学校学习或被联邦命令征召，则可能面临严重后果。对于这份备忘录，美国五角大楼也有所察觉。RT提到，五角大楼发言人约翰·柯比此前公开表示，美国政府将“以适当方式回应（俄克拉荷马州）州长”，并补充说，国防部长奥斯汀仍然立场坚定，认为“接种疫苗的军队才是更有准备的军队” 。据RT介绍，美军强制接种疫苗规定是拜登政府推出的全美疫苗强制接种令的一部分。这位美国总统试图让100人及100人以上的私人企业员工接种疫苗，但在法律上面临多重阻碍。报道称，目前大多数美国政府雇员也在这个冬天面临着最后接种期限的来临，如未接种疫苗，他们可能因此失去工作。美国联邦政府此前推出新冠疫苗强制接种令，要求联邦政府员工和与联邦政府有业务往来的承包商雇员必须接种疫苗。然而，这一规定遭到多方强烈反对，接连引发抗议活动，推行起来实在艰难。除政府部门人员、私营企业人员反对外，美国军队中反对疫苗接种的人也不在少数。据美国媒体报道，此前美国空军中就有超过12000名现役人员拒绝接种新冠疫苗。根据美国空军的政策，所有现役人员必须在今年11月2日前接种疫苗，逾期未接种者会被视为“抗命不遵”，将被除名或接受军事司法系统指控。
167,#辽宁好网民抗疫在行动# 【“踩红点，走鸿运！”】11月11日，大连瓦房店市开展了第二轮核酸检测工作。工作人员的一段“踩红点，走鸿运”，让市民紧张的心情放松下来。 新浪辽宁的微博视频
168,【#钟南山称疫苗接种半年后效果下降# 需及时补种】#钟南山提醒疫苗接种半年后及时补加强针#11日晚，中国工程院院士钟南山在出席论坛时表示，新冠疫苗两剂接种完了，还要补种第三剂，无论全病毒灭活疫苗或mRNA疫苗，一疗程后半年体液免疫功能均明显下降。接种第3针疫苗后人的抗体增加很快，但半年以后也会下降。研究数据有老人和小孩，两组数据都显示，接种第3针半年以后抗体和接种2次疫苗获得的抗体最高点差不多，证明了接种第3针的效果。（广州日报）中新视频的微博视频
169,#大连战疫#【新冠肺炎感染者目前情况稳定，均在大连救治中心进行隔离治疗】眼下，作为新冠肺炎治疗的主战场，在大连市公共卫生临床中心，来自全市各医疗机构10支医疗队600多名医护人员，正在全力做好新冠肺炎感染者的救治工作。#辽宁好网民抗疫在行动# 详见：新冠肺炎感染者目前情况稳定，均在大连救治中心进行隔离治疗（大连发布 视频： 张 
170,【#辽宁新增本土确诊病例60例# 均在大连】#新冠肺炎最新动态# 11月13日0时至24时，辽宁省新增60例本土新冠肺炎确诊病例，为大连市报告；新增1例境外输入新冠肺炎确诊病例（为无症状感染者转归），为沈阳市报告。新增治愈出院境外输入无症状感染者1例。截至11月13日24时，全省累计报告确诊病例707例（含境外输入142例），治愈出院463例，死亡2例，在院治疗242例(本土235例、境外输入7例)。目前，尚有70例（本土54例、境外输入16例）无症状感染者在定点医院隔离治疗。（人民网辽宁频道）11月13日辽宁大连新增60例本土新冠肺炎确诊病例
171,【#大连庄河大学城第九轮核酸全阴#】庄河大学城现有东西两个校区，共有学生14662人，教职员工984人。截至11月14日8时，已累计闭环转运密接者及高风险人群3291人。11月13日第九轮核酸检测东西两个校区共检测样本14315份，结果全部为阴性。在校学生封控期间三餐免费，食品、饮用水和物资无接触、点对点配送至宿舍门口，每日配送餐饮、日用品等物资近5万份。#全球携手战疫# 全文：大连庄河大学城已累计闭环转运密接者及高风险人群3291人，第九轮核酸检测结果全部为阴性九派新闻的微博视频
172,#双11快递是否会传播疫情#【转发提醒！#快递包装尽量不要带进家#】中国疾控中心消毒学专家张流波：快递传播新冠肺炎需同时满足①快递被污染，②快递到达时病毒仍存活，③接收快递时手部等被污染。因此建议：①中高风险地区暂不收发快递，快递员做好健康监测；②快递转运过程中要做好保护，同时进行消毒；③收快递时做好防护，快递包装尽量不带到家中；④处理完快递后做好手部卫生工作。 央视新闻的微博视频
173,【#辛集统一启用新版疫情防控车辆通行证#】为进一步加强疫情防控工作，统一、规范、压缩市域内通行车辆，最大限度减少疫情传播风险，辛集市应对新冠肺炎疫情工作领导小组办公室决定，原发放的各类车辆通行证一律作废，启用由辛集市公安局交管大队统一制作核发的新版车辆通行证。自2021年11月12日0时起执行。
174,【#日本再现禽流感疫情#】日本农林水产省13日宣布，其南部鹿儿岛县出水市的一家养鸡场出现高致病性禽流感疫情，该养鸡场饲养的约4万只鸡将全被扑杀。这是时隔3天日本再次报告禽流感疫情。日本农林水产省13日宣布，根据有关传染病防疫方针，以上述养鸡场为中心设定了半径3公里和10公里的防疫控制区，半径3公里区域内的养鸡场被禁止在该区域内转移鸡和鸡蛋，半径3至10公里范围内的养鸡场则被禁止向外界运输鸡和鸡蛋。这是本次禽流感流行季内日本第二次出现禽流感疫情。日本农林水产省本月10日宣布，该国北部秋田县横手市的一个养鸡场出现高致病性禽流感疫情，超过14万只鸡须被扑杀。据日本媒体报道，秋田县的禽流感疫情由H5N8亚型禽流感病毒引发。（新华社）
175,#吉林身边事# 吉林市鸿博御园解封了 #吉林爆料##吉林疫情# 吉林大冷面的微博视频
176,【陈时中嗨歌包厢最低消费2.5万元新台币】台“卫福部长”陈时中疫情期间脱口罩喝酒唱歌的视频，近日在网上疯传，引发各界热议。媒体人朱凯翔爆料，视频中的地点应是位于台北市内湖区的“Meat Store”餐厅包厢；也有媒体爆料，该包厢光入场费就要2.5万元（新台币），不少菜色都要近千元，战斧牛排甚至要价2900元。
177,【实打实的爱！#高校封寝妈妈为女儿送来24斤食物#】近日，辽宁大连一学校因疫情封闭寝室楼，一妈妈给女儿送来整整一箱24斤食物。当事人金同学称，自己就跟妈妈说了句封楼了，没有吃的了，妈妈就说要来送吃的，没想到一下送来了这么多，当时拎着这些东西也不觉得沉，只是激动到想哭。荔枝新闻的微博视频
178,【#大连病例集中在2家食品公司和大学城#】辽宁大连疫情防控发布会通报，本次疫情病毒载量高、传播速度快、病情隐匿、不易发现，早期出现了较多的无症状感染者，呈现单位聚集性、家庭聚集性和学校聚集性等特点。病例主要集中在科强食品公司、海阔食品公司和庄河大学城。#大连新增确诊中28人为大学城学生#（总台记者黄璐 贾铁生 李新峰 王晓亮 王冠 苏泽丰） 央视新闻的微博视频
179,#快递包装尽量不要带进家#自2020年疫情爆发以来，迄今为止尚无一例流调溯源说某人感染是因为快递包装的缘故，而在此期间国人收发的快递恐怕得以十亿计，这样大的数据量可以反证快递包装的安全性。物流环节中最危险的是冷链食品，不是普通快递。所以，不要随便发布不靠谱的建议引发更多恐慌。
180,#健康发布# 国家卫生健康委疾控局副局长吴良有：目前，大连、黑河、成都、石家庄、上饶、瑞丽等重点地区仍有国务院联防联控机制综合组派出的工作组在当地指导疫情处置。国家卫生健康委将密切关注各地疫情形势，继续指导各地落实好防控措施，全力以赴控制疫情扩散蔓延，坚决巩固来之不易的防控成果。
181,【北京朝阳区来广营#华贸城7号院6号楼居民第二次核酸检测#】受疫情影响，朝阳区来广营乡华贸城7号院6号楼为管控区。11月12日上午，580多户居民进行了第二次核酸检测。上午8时，记者来到6号楼门外，工作人员正在忙着为即将开始的检测做准备。“6号楼总共32层，每层由两人负责开展敲门行动，确保每一位住 ...
182,【外媒综述：#美通胀率创30年最高水平#】据美国有线电视新闻网商业新闻网站11月10日报道，美国劳工统计局10日公布的数据显示，10月份美国消费价格指数再次飙升，同比上涨6.2%，创1990年11月以来最大涨幅。剔除食品和能源价格这两个往往更具波动性的因素，该指数同比上涨4.6%，创1991年8月以来最大涨幅。经季节性变动调整后，10月整体的物价指数环比上涨0.9%，大大超过经济学家此前预测的0.6%，也超过了9月略微温和的0.4%的涨幅。剔除食品和能源因素，物价上个月则环比上涨0.6%，亦超过9月的涨幅。物价普遍飙升据指出，上月的通胀飙升出现在包括能源、住房、食品和汽车在内的多类别商品价格上涨的背景下。食品价格已连续两个月上涨近1%；能源价格一直在突破极限，10月上涨4.8%，过去12个月上涨30%。在需求激增、原材料短缺和全球供应链瓶颈等因素的共同影响下，通胀不断加剧一直是经济从此次疫情中复苏阶段的标志。能源价格上涨更是令这一问题雪上加霜。贝莱德公司负责全球固定收益业务的首席投资官里克·里德说，华盛顿为使美国经济熬过疫情最严重时期而提供的巨额刺激措施（它提振了储蓄、家庭财富以及最终的需求），可能会使美国的通胀问题变得更糟。他说：“就业的进一步增长仍将是商品和服务需求持续增长的主要推动力，而工资的上涨将在未来很长时间内持续下去。”拜登政府和美联储一直坚称，价格上涨是暂时的，也是意料之中的，因为经济正在从二三十年来最严重的危机中恢复过来。但美国消费者已经在准备迎接圣诞季的涨价潮了。拜登承诺扭转据美国有线电视新闻网网站11月10日报道，拜登总统10日说，最新通胀统计报告表明，当前美国物价涨幅超过过去30年的水平。拜登在白宫发布的一份声明中说：“通货膨胀伤害了美国人的钱袋子，扭转这一趋势是我的首要任务。”尽管近几个月来美国经济强劲反弹，就业增长创历史新高，工资上涨，股市飙升，但随着节日季临近，面对汽油和其他日用品价格居高不下，许多美国人对经济状况感到不满。美国有线电视新闻网本周公布的一项民调显示，超过三分之一的美国人说，经济是美国面临的最紧迫问题，52%的美国人对拜登任总统期间所做的工作不认同。拜登在声明中说：“在报告中，价格上涨的最大部分源于能源成本上升。在这份报告的数据被收集以来的数天里，天然气价格已经下跌。我已指示国家经济委员会设法进一步降低这些成本，并要求联邦贸易委员会打击任何市场操纵或价格欺诈行为。”加息可能提前另据路透社纽约11月10日报道，美国股市周三大幅收低，消费物价急升打击投资者风险偏好，并引发了人们对通胀长期处于高位的担忧。美国三大股指均收低，整个交易日一直下跌，加剧了前一天的抛售。标普500指数和纳斯达克指数周二结束了此前连续八个交易日创收盘新高的趋势。美国贝尔德公司投资战略分析师罗斯·梅菲尔德说：“在经历了真正的历史性涨势之后，市场按下暂停键并不出人意料。”“通胀题材确实是推动一切的动力，”他说，“这将影响美联储的政策和财政政策，它是利率的驱动因素。”周三，道琼斯工业指数下跌0.66%；标普500指数下跌0.82%；纳斯达克指数下跌1.66%。路透社纽约11月10日报道，美元指数周三大幅上涨，触及2020年7月以来的最高水平，因为美国消费物价创1990年以来最大升幅，引发了美联储可能提前加息的猜测。衡量美元与其他主要货币汇率的美元指数上涨0.96%，至94.858。尽管美联储上周重申通胀飙升将是暂时性的，但许多投资者表示，通胀比预期更为持久可能迫使美联储加息。“二次方程”资本管理公司创始人南希·戴维斯表示：“如果通胀没有消退，美联储可能需要以更大幅度缩减购债并加息。这可能损及股市和债市。”外媒综述：美通胀率创30年最高水平
183,#辽宁好网民抗疫在行动# 【齐心战疫！这座城我们一起守护】 新浪辽宁的微博视频
184,#大连战疫# 【孙克表示：大连疫情上升势头逐步减缓总体可控】大连市疾控中心主任孙克今日接受记者采访时表示，大连本轮新冠肺炎疫情上升势头逐步减缓，正在进入平稳期，总体可控。孙克说，2021年11月4日庄河市中心医院在主动就医患者中检出1例新冠核酸阳性患者后，国家、省、市相关部门调集了大量专家和疾控人员开展控制传染源、切断传播途径等一系列有针对性地防疫工作。经过公安、公卫、工信部门的联合流行病学调查、多轮大范围的核酸筛查和严格的隔离管控，目前报告的新发病例主要在集中隔离场所中检出，这是好的信号，说明经过全市人民的共同努力，疫情在我市上升势头逐步减缓，正在从上升期进入平稳期，疫情总体可控。针对大连本次疫情阳性感染者数量上升速度较快，特别是近几日病例较多的情况，孙克分析主要有两个原因↓
185,网页链接陈薇团队研制的全球首款吸入式新冠疫苗亮相11月12日至14日全球首款可吸入式新冠疫苗在“2021第五届海南国际健康产业博览会”亮相观众可现场体验吸入式新冠疫苗的使用方法网友：姿势好像喝奶茶还是原来的“配方”采用不同给药方式据了解，吸入式新冠疫苗与肌肉注射使用了同种疫苗，其制剂配方未改变，仅采用不同的给药方式。雾化吸入免疫采用雾化器将疫苗雾化成微小颗粒，通过口部吸入的方式进入呼吸道和肺部，从而激发黏膜免疫，而这种免疫是通过肌肉注射所不能带来的。全球首款吸入式新冠疫苗由军事医学研究院陈薇院士团队与康希诺生物股份公司合作研发，目前二期临床试验已取得阶段性成果，正在推进紧急使用的申请工作。不打针的新冠疫苗“实力”强劲此前，由陈薇院士团队领衔研制的雾化吸入新冠疫苗在《柳叶刀۰传染病》发表临床研究数据，这也是全球首个公开发表的新冠疫苗粘膜免疫临床试验结果。研究结果显示，雾化吸入接种疫苗安全性好，无肌肉注射局部不良反应。雾化吸入只需要使用1/5剂肌肉注射用的剂量，细胞免疫反应水平就可以与1剂肌肉注射相当。肌肉注射后采用雾化吸入加强免疫，可产生高水平中和抗体。与目前批准上市的肌肉注射疫苗相比，疫苗制剂处方、包装形式和生产设施等完全一致。同时，雾化吸入还能够显著提高已经注射疫苗人群的多重免疫效果，抵御新冠病毒的变异，适用于大规模人群推广使用。编辑：魏弘毅
186,最近下午三四点天就开始黑了。买了我喜欢的面包店的double baked可颂。据说是前一天剩下的可颂，涂了榛子巧克力后再回炉烤一下。在德国的亚超网上买了不少东西，最重要的是我们山西的老陈醋和小米，还有刀削面。大白兔立即打开和同事们分享，他们都特别喜欢。炖了牛肉，泡了酸辣粉，算是过了一把瘾。边吃花生边学丹麦语。最近疫情严重，我们也要开始线上上课了。希望疫情别再严重了，我可不想家里蹲再蹲三个月了。#高老板的流水账#
187,【#维也纳妓院变成新冠疫苗接种点#】为提高新冠疫苗接种率，奥地利维也纳一家妓院向顾客提供接种疫苗服务，顾客接种疫苗后将会获得优惠券。他们能享受到30分钟的免费桑拿服务，并与他们心怡的女士见面。这家妓院的经理称：“由于疫情影响，我们的顾客减少了50%，希望通过这一举措，让大家尽快回来消费。” 微天下的微博视频
188,【#维也纳妓院变成新冠疫苗接种点#】为提高新冠疫苗接种率，奥地利维也纳一家妓院向顾客提供接种疫苗服务，顾客接种疫苗后将会获得优惠券。他们能享受到30分钟的免费桑拿服务，并与他们心怡的女士见面。这家妓院的经理称：“由于疫情影响，我们的顾客减少了50%，希望通过这一举措，让大家尽快回来消费 ...
189,【抗疫前线】特别的生日
190,【#31省区市新增79例本土确诊##31省区市新增12例本土无症状#】11月11日0—24时，31个省（自治区、直辖市）和新疆生产建设兵团报告新增确诊病例98例。其中境外输入病例19例（上海6例，云南5例，黑龙江2例，广东2例，内蒙古1例，浙江1例，福建1例，广西1例）；本土病例79例（辽宁52例，均在大连市；河南12例，其中郑州市6例、周口市6例；北京6例，其中海淀区4例、朝阳区2例；黑龙江5例，均在黑河市；河北2例，均在辛集市；江西1例，在上饶市；云南1例，在德宏傣族景颇族自治州），含16例由无症状感染者转为确诊病例（河南11例，辽宁5例）。无新增死亡病例。无新增疑似病例。当日新增治愈出院病例64例，解除医学观察的密切接触者2564人，重症病例与前一日持平。境外输入现有确诊病例377例（其中重症病例3例），现有疑似病例2例。累计确诊病例9828例，累计治愈出院病例9451例，无死亡病例。截至11月11日24时，据31个省（自治区、直辖市）和新疆生产建设兵团报告，现有确诊病例1280例（其中重症病例20例），累计治愈出院病例92183例，累计死亡病例4636例，累计报告确诊病例98099例，现有疑似病例2例。累计追踪到密切接触者1293053人，尚在医学观察的密切接触者50507人。31个省（自治区、直辖市）和新疆生产建设兵团报告新增无症状感染者35例，其中境外输入23例，本土12例（辽宁5例，均在大连市；内蒙古2例，均在阿拉善盟；北京1例，在海淀区；吉林1例，在吉林市；江西1例，在上饶市；河南1例，在周口市；云南1例，在德宏傣族景颇族自治州）；当日转为确诊病例16例（无境外输入）；当日解除医学观察24例（境外输入23例）；尚在医学观察的无症状感染者533例（境外输入357例）。累计收到港澳台地区通报确诊病例28919例。其中，香港特别行政区12377例（出院12037例，死亡213例），澳门特别行政区77例（出院76例），台湾地区16465例（出院13742例，死亡848例）。#大连疫情#
191,#神童确诊新冠# 韩媒报道，Super Junior成员神童确诊新冠，正在进行自我隔离。那个每段舞蹈学几分钟就能完美跳出来神童要早日康复啊！ 饭圈少女喵的微博视频
192,【官方回应四川天全县境内多个高速进出口临时关闭：系防控演练】11月11日，据四川省公安厅高速公路公安局四分局九大队消息，雅叶高速雅康段天全境内二郎山、天全等多个收费站进出口临时关闭。天全县疫情防控指挥部工作人员称，因疫情防控演练，天全境内高速进出口暂时关闭。据雅安广播电视台消息，21时许，收费站相关管控措施已解除。#聚焦新冠肺炎疫情# 新京报我们视频的微博视频
193,【房屋交易需将户口迁出，房主却身在海外，浦东民警巧用“亮证授权”解难题】#正能量暖心事# 房屋买卖交易过程中，买家会要求原房主将该房屋的户口迁出，可是这位房主却身在国外，因疫情原因一直无法回国，眼看房屋交易进入“死胡同”，买家十分着急。近日，浦东公安分局梅园新村派出所收到一封辖区居民写来的感谢信，对民警热情的社区服务表示感谢。
194,【#北京多家剧院取消近期演出活动#】近日，国家大剧院、中国国家话剧院、北京人民艺术剧院、中国儿童艺术剧院、北京天桥艺术中心等多家剧院发布公告称，根据北京市疫情防控工作要求，为保障观众的健康与安全，减少聚集，近期有关演出及活动将取消、延期，包括《大宅门》《原野》《德龄与慈禧》等等。
195,拿快递会感染新冠病毒？来听听专家怎么说↓ 浦东发布的微博视频
196,【孙克表示：大连疫情上升势头逐步减缓总体可控】大连市疾控中心主任孙克今日接受记者采访时表示，大连本轮新冠肺炎疫情上升势头逐步减缓，正在进入平稳期，总体可控。孙克说，2021年11月4日庄河市中心医院在主动就医患者中检出1例新冠核酸阳性患者后，国家、省、市相关部门调集了大量专家和疾控人员开展控制传染源、切断传播途径等一系列有针对性地防疫工作。经过公安、公卫、工信部门的联合流行病学调查、多轮大范围的核酸筛查和严格的隔离管控，目前报告的新发病例主要在集中隔离场所中检出，这是好的信号，说明经过全市人民的共同努力，疫情在我市上升势头逐步减缓，正在从上升期进入平稳期，疫情总体可控。针对大连本次疫情阳性感染者数量上升速度较快，特别是近几日病例较多的情况，孙克分析主要有两个原因：■ 一是本次疫情涉及的新冠病毒属于德尔塔变异株（B.1.617.2进化分支）。目前基因测序的所有毒株均为同一传播链，研判为同一毒株导致的本土聚集性疫情，与国内近期本土疫情和输入病例数据库中新冠病毒基因组同源性均低。本次疫情传播指数（Ro值）高，传染性强，潜伏期短，短短五天破百，十天报告近300例，病例数增长速度快，是本次德尔塔变异株的特点。■ 二是在流调中发现，本次疫情发病隐匿，大多数感染者早期没有明显症状，分别在大连科强食品有限公司、海阔食品有限公司、盛峰市场等场所构成聚集性疫情和多起家庭聚集性发病，并在学校报告多起病例，造成一定范围的社区传播。疫情聚集性的特点和超级传播者的出现导致病例数快速增加。#大连战疫##辽宁好网民抗疫在行动##提升莲城品味#
197,【直击封闭中的北京东直门医院和来福士商场】因有新冠肺炎确诊病例11月8日到过北京来福士商场，11月10日晚，来福士商场应政府要求，组织场内所有人员，包括顾客、商场及租户员工接受了市疾控中心组织的核酸检测，并对相关区域外环境进行采样。据“北京来福士”微信公众号消息，11月11日，区卫健委通知，北京来福士商场所有人员核酸检测结果、环境检测结果均为阴性。（李强 孔斯琪）多图直击封闭中的北京东直门医院和来福士商场
198,#双11快递是否会传播疫情#【转发提醒！#快递包装尽量不要带进家#】中国疾控中心消毒学专家张流波：快递传播新冠肺炎需同时满足①快递被污染，②快递到达时病毒仍存活，③接收快递时手部等被污染。因此建议：①中高风险地区暂不收发快递，快递员做好健康监测；②快递转运过程中要做好保护，同时进行消毒；③收快递时做好防护，快递包装尽量不带到家中；④处理完快递后做好手部卫生工作。 央视新闻的微博视频 双11快递是否会传播疫情？中疾控：快递包装尽量不要带进家
199,#黑龙江疫情# 【黑龙江一地发布通告：疫情防控期间禁止抵达边境前沿】#黑龙江城市服务台# 鉴于当前周边国家及国内多点散发严峻的疫情形势，为切实做好绥芬河市新冠肺炎疫情防控工作，全力维护边境辖区安全稳定，保障人民群众生命健康安全，绥芬河市现通告如下：一、绥芬河市南绥、绥二公路路段向东延伸至边境线区域、东山鲍傅沟沿线、边检监护中队南侧路段，以及别勒洼区域铁路沿线，禁止靠前网络直播及休闲旅游等活动。二、未经临界生产作业审批及无相关证明人员，一律不得进入边境地带。三、对边境管理区内外来暂住人员且未经当地派出所和村委会（社区）申报同意的，未对住宿人员进行登记或擅自收留无证人员住宿的旅店、日租房、洗浴等留宿场所，由公安机关按照上限从重处罚。四、党政机关工作人员要以身作则，严格遵守，违者予以严肃处理。五、对于违反本规定靠前网络直播及休闲旅游等活动人员，依据《治安管理处罚法》第五十条之规定处罚。对于造成严重后果的，依法追究刑事责任。六、对拒不配合、无理取闹、阻碍工作人员执行公务的，依法严肃处理。特此通告。
200,【#医院给打疫苗不哭闹小学生发奖状#】11月10日，四川遂宁。遂宁市第一人民医院在新冠疫苗留观点为小学生们设立义诊免费体检，对于打疫苗不哭闹的小朋友还送上了奖状用于奖励，除此之外，医院还设立了专门的气球发放点送气球供小朋友们玩耍。白鹿视频的微博视频
201,[cp]#电影梅艳芳有哪些戳中你的细节# 这两天《梅艳芳》正在热映中，口碑很好，勾起了大家对梅姐的诸多怀念。这也是这部电影主创的心愿与意义吧。看着相隔18年后那些真情的影评、纪念，这部电影真是给越来越冷的天气里，扑朔迷离的疫情下，注入一股暖流。大家一定要去看粤语版，电影柔情道来梅姐的传奇 ...
202,#如何看待上海夫妇出院后吐槽兰州#遇到病毒是不幸，但对医护人员要有最起码的尊重。15号发烧，首先想到的不是去医院发热门诊，而是退票。17号去诊所输液，18号才被要求隔离，延误了时机。上海人可能吃不惯西北饭，但是去西北旅游不就是想感受一下西北的风光和生活吗？何况是在临时安排的隔离治疗点。要知道，在这轮疫情前，兰州甚至整个甘肃已经很长时间没有疫情了。医护人员和志愿者提醒戴口罩、消毒、限制活动区域，是为了阻止病毒传播的正当操作。本是职责所在，无可厚非！确实，我们共同的敌人是病毒，而不是游客。我们对患者给予了应有的同情和关心，他们是不是也要有足够的理性，是不是也要给防控人员和医护工作者足够的理解和支持。这满篇的“大白”，让人看到的不是感恩，却看似一种农夫和蛇的场景。另外，这种旅游并不是什么“千里走单骑”。没什么值得炫耀的。#v光计划#
203,【#吉林一小区的解封消息#就差一个楼没解封】11月12日，大家听到吉林一小区就差一个楼没解封，这真是振奋人心的好消息！大家欢呼雀跃...#吉林疫情##吉林身边事# 吉林乌拉圈的微博视频
204,#从这些地方进入山东需连续核检#山东疾控最新健康提示：这些人请按规定核酸检测 #今日热门# 思想牢笼的微博视频
205,【#11月11日河北新增确诊2例#，无新增无症状感染者】2021年11月11日0—24时，河北省新增新型冠状病毒肺炎确诊病例2例（辛集市，均在隔离点发现），无新增无症状感染者。治愈出院2例。截至11月11日24时，河北省现有确诊病例121例（含境外输入1例）；尚在医学观察无症状感染者3例。#加油河北#
206,【辽宁部署根治欠薪冬季专项行动】#品味盛京 乐享沈阳# 日前，辽宁省根治拖欠农民工工资工作领导小组办公室和辽宁省信访工作领导小组办公室联合下发《关于开展根治欠薪冬季专项行动的通知》，要求各地认真落实《保障农民工工资支付条例》，切实担负起疫情防控常态化下维护农民工劳动报酬权益的职责使命，对查实的欠薪问题要在2022年1月30日前全部化解，让农民工都能拿到应得的工资回家过年。本次根治欠薪冬季专项行动排查的重点行业、领域、企业为：招用农民工较多的工程建设领域、劳动密集型加工制造行业、校外培训机构、受疫情影响存在拖欠农民工工资隐患的其他企业。通知要求，各地要围绕本次行动重点，结合本地区实际，聚焦重点地区、重点行业、重点企业、重点项目，开展全覆盖、地毯式摸排，及早开展隐患排查化解。要进一步拓宽投诉举报渠道，畅通欠薪维权绿色通道，确保欠薪线索及时接收、欠薪案件有效处置，对欠薪案件实行市、县（市、区）领导分级包案制度，做到一案一策，确保欠薪案件按期销案。对一时难以解决的欠薪案件，要及时运用“四清零、四兜底”机制，帮助被拖欠农民工解决临时生活困难。通知强调，各地要强化欠薪违法惩戒，用好用足行政、刑事、信用等惩戒手段，加强行政执法和刑事司法衔接，对欠薪特别是恶意欠薪从严查处。对因监管责任不落实、组织工作不到位引发群体性事件或极端事件的，依法依规严肃问责，做到约谈一批、通报一批、问责一批、曝光一批。加强对工程建设领域各项工资支付制度落实情况的检查，责令限期整改违法行为，督促企业履行法定义务，逾期不改的，依法严肃惩处。对可能涉嫌拒不支付劳动报酬犯罪的，依据《保障农民工工资支付条例》等规定，依法查询相关单位金融账户和相关当事人房产、车辆情况；对查实涉嫌拒不支付劳动报酬罪的，及时移送司法机关，追究刑事责任。对欠薪违法行为符合“黑名单”条件的，应列尽列，予以曝光，并会同有关部门开展失信联合惩戒，使欠薪违法者“一处违法、处处受限”。对给予行政处罚的企业，有关部门要将行政处罚信息予以标注，并通过国家企业信用信息公示系统向社会公示。据省人力资源和社会保障厅劳动监察局负责人介绍，2021年以来，全省共承接“全国根治欠薪线索反映平台”转办的线索核查15490件，已办结14273件，为2.69万名劳动者追回工资3.95亿元。各市共向社会公布重大劳动保障违法案件34件，各市列入拖欠农民工工资“黑名单”案件24件。
207,【#美政府召回220万个居家新冠检测盒#：系澳企制造 假阳性病例高】综合美国哥伦比亚广播公司（CBS）、今日俄罗斯电视台报道，美国食品和药物管理局（FDA）11日发布声明，由澳大利亚医疗科技制造商Ellume生产的居家新冠检测盒存在缺陷，可能显示假阳性结果。该机构已召回流入美国市场的超220万个检测盒。FDA表示，此次召回共计2212335个检测盒，已将此归类为第一级召回，也就是最严重等级。目前FDA接到至少35个案例报告假阳性结果。涉事澳企表示，已与美政府合作，自愿将受影响的检测产品撤出美国市场。该公司还就“因假阳性结果给客户带来的压力或困难”道歉。（海外网，希隆）
208,今天是#世界糖尿病日# ，这一纪念日源于加拿大科学家班廷的生日，是他第一个把胰岛素用于糖尿病病人，挽救了无数患者的生命。对于世界医学界来说，2021年是一个值得郑重相待的年份：100年前，一组加拿大科学家首次发现并提纯了胰岛素，使一种致命的疾病首次得以攻克。2021年，世界对胰岛素的纪念包含双重意义。100年固然是人类记忆历史的重要节点，但对眼下正深陷于新冠疫情的世界来说，胰岛素还代表着人类如何与疾病抗争的观念和精神。它诞生于1921年，当时世界刚经历了一场夺去5000万人生命的大流感。活下来的人们意识到，很多时候最终征服疾病的不是医学研究，而是免疫系统对病毒的适应——面对一些致命的严重疾病，科学和理性仍然束手无策。但在无数次面对疾病的败仗中，仍然有一些研究者在坚持战斗，拯救了数以万计人的生命，并改变着人们看待科学的方式。发现胰岛素的故事就是一例。历史上第一个将胰腺和糖尿病联系起来的人是德国医生约瑟夫·冯梅林和奥斯卡·闵科夫斯基。1889年，他们在实验中摘除了实验狗的胰腺，发现它出现了多尿、糖尿等糖尿病典型症状。他们猜测，人体胰腺当中应该具备某种可以降低血糖水平的物质；而糖尿病的病因，就是这种物质的消失。它究竟是什么？1901年，美国病理学家尤金·奥培在解剖中发现，在胰腺正常的消化细胞外，还有一部分细胞控制着血糖的降低，此前，德国病理学家保罗·朗格汉斯在显微镜下观察到这些“胰腺里的岛状细胞”。于是在1916年，这种神奇的降血糖物质有了一个名字：胰岛素。但“胰岛素”是如此飘忽不定。人们无法通过吃胰腺的方式得到它，在提取实验里，只要胰腺一被捣碎，它就会失去效力，即使幸运地得到胰腺液，注入患者体内后也只能引起脓肿和发热——很多年后，人们才知道，那都是因为胰岛素的特殊性状：作为一种蛋白质，它会被肠道消化酶分解，由于缺乏纯化技术，注射粗提液又会带来炎症反应……19世纪最初的那些黄金年代里，德国、美国、罗马尼亚……无数天才或疯狂的医生、科学家都致力于捕捉这种神奇而珍贵的液体，直到他们的生活被战争打乱。1919年春天，第一次世界大战结束，一位名叫弗雷德里克·班廷的28岁年轻人以军医的身份退伍，从法国回到加拿大。这个籍籍无名的年轻住院医师回故乡安大略省开了一间诊所，为补贴家用，又在西安大略大学谋得一份教职。1920年10月30日晚，他在为学生备课时读到了明尼苏达大学教授摩西·巴伦的一篇论文。巴伦记录道，在一些胰腺结石的案例中，由于石头完全阻塞了主胰管，所有负责分泌胰液的腺泡细胞都萎缩了，但是大多数胰岛细胞却完整存活了下来。反复阅读文章，班廷意识到，自己可能发现了一些极不寻常的东西，他匆匆记下几行笔记：糖尿病、胰岛结扎、分离内分泌液、排泄糖尿。由于太兴奋，笔记上满是错别字。一种可能的方法降临在班廷的脑海中。他的计划是这样的，通过结扎动物的胰管，让负责消化的胰腺细胞萎缩，再从存活的胰岛细胞中提取胰岛素。一周后，班廷带着一股“发现天才想法”的劲头找到了多伦多大学医学院生理学系主任约翰·麦克劳德，后者是一所加拿大知名糖代谢实验室的负责人。在班廷的反复恳求下，1921年5月，约翰·麦克劳德准备回苏格兰过暑假时，把自己实验室的钥匙留给了班廷，同时还有为狗做胰管结扎的技术、一名叫查尔斯·贝斯特的助手和10只用于实验的狗。一切进展顺利。7月30日，班廷和贝斯特从结扎狗身上获得的提取液在一只编号为92的糖尿病牧羊犬身上起效了。9月，当所有的实验狗（包括他们自己新买的那些）都快用完时，麦克劳德返回了多伦多。尽管对两个年轻人的实验数据充满质疑，但他还是加入了项目组。之后，他们放弃了前期结扎实验狗的方式，开始从附近的屠宰场收集牛胰腺，用酸化酒精来制备粗提液。最后，正在多伦多大学进修、来自阿尔伯塔大学的生物化学家詹姆斯·科利普被邀请加入，负责粗提液的提纯工作，大大减轻了实验动物的炎症反应。1921年底，他们终于得到了可以用于人体的纯净胰岛素——一种“含有大量沉淀物的混浊浅棕色液体”。次年1月，一名叫莱昂纳多·汤普森的14岁糖尿病患者在多伦多总医院接受了第一支纯化胰岛素的注射，已经饿得奄奄一息的他坐了起来。经检测，他尿液中的糖和酮消失了。3个月后，他的体重从15磅增加到29磅。1923年5月，班廷和麦克劳德获得了当年的诺贝尔生理学或医学奖，他们二人分别提出要和贝斯特与科利普分享荣誉。为了让更多人及时获得药物，班廷和伙伴们还以每人一美元的价格，将有关胰岛素及其制造方法的专利转让给了多伦多大学董事会，之后，多伦多大学与制药公司礼来达成非排他生产协议。满载着冰冻牛胰腺的卡车源源不断地从芝加哥列队开进工厂，经过工业化的分割、浸泡和提纯，到年底，礼来胰岛素的产量达到了每周10万单位。发现胰岛素的故事是一个纯粹的科学故事，它体现了科学最让人尊敬的特质：好奇、合作、坚持，以及无私。6月23日，美国《纽约时报》写道：“许多人类顽固的敌人，意图毁灭人类的疾病，都被科学一一战胜了。糖尿病是最令人恐惧的疾病之一，最近它也被毁灭了。”100年后再来看这段贺词，会发现1921年的《纽约时报》有些过于乐观了。胰岛素确实是个伟大的发明，但治疗糖尿病的现实更为复杂。（文丨魏倩）#无糖饮料喝多了可能让你吃得更多# #吃得多体重却在降可能是糖尿病#
209,#大连已有5名大学食堂职工确诊#【河北省疾病预防控制中心温馨提示】从境外、国内中高风险地区返乡，或与流调排查出的重点人员有密切接触的人员，应第一时间主动报告，按要求落实疫情防控措施，不要隐瞒中高风险地区旅居史和与可疑人员的接触史。
210,【暖心！#女子帮助安置封控区九旬独居老人#】近日，四川成都理工大学因疫情实行全封闭式管理，罗女士在小区楼下做核酸时遇到一位九旬独居老人，老人想借手机联系家人却记不清号码，放心不下的罗女士决定送老人回家，了解到她住所后让学校后勤处联系其家人，最终妥善安置了老人。罗女士表示，希望以后自己的父母在急需帮助的时候也能遇到好心人，这也算是给父母积福气。#女子帮封控区九旬独居老人联系家人#吧唧视频的微博视频
211,【社评：布林肯的“行动”承诺，连台网民都不信】美国国务卿布林肯10日在线上论坛回答提问时称，美国有确保台湾有能力自卫的承诺。他还说，“很多国家”认为，任何使用武力破坏现状的单方面行动都是对和平与安全的重大威胁。“一旦发生这种情况，它们也会采取行动。”不知道布林肯的这段话，对日益惊恐慌乱的民进党当局会起到多大的心理支撑作用，反正岛内网民是看透了——“什么行动？开个记者会也可以叫行动”……岛内网民发出如是“呵呵式”质疑。布林肯的表态明显是拿“行动”一词当招牌来吓唬人，但却没敢说究竟想干什么。发声明是行动，准备接收难民是行动，打仗也是行动；退一万步讲，真到了那个时候，美国和它的盟友是外交表态、情报支持、后勤保障还是真的出兵，这当中的差别太大了。在台湾问题上，华盛顿始终不敢将“战略模糊”变成“战略清晰”，因为它怕把自己弄得骑虎难下。值得一提的是，就在布林肯说这番话的几个小时前，他刚主持了一个应对新冠肺炎疫情的部长级线上会议，中国驻美大使秦刚出席并致辞。一直吹嘘“在抗疫方面表现杰出”的民进党当局没有接到邀请函，倍感失落和“委屈”之余，还命人为此去找美方要说法。有了这个情况，布林肯的“行动”表态就更像是对民进党当局的安抚，或者说是一种敷衍。布林肯的话并没有什么新鲜内容，无非是擦着底线的边缘，玩一点文字游戏。之前，华盛顿一些政客的话说得比布林肯更狠，但是又能如何？只能暴露出他们的虚伪和色厉内荏。必须指出，美国政府在台湾问题上对中方是作过严肃承诺的，中美三个联合公报是美国政府必须以实际行动恪守的原则。美方每一次发表涉台错误言论，实际上都是给自己的脸上贴“言而无信”的标签。如果非要找出点新意出来，恐怕就是布林肯说的“很多国家”，这显然是在虚张声势。这也说明，在中国面前，美方越来越没有自信了，还得拉上“很多国家”说事。其实，我们都心知肚明，所谓“很多国家”，不就是日本和澳大利亚之类的个把跟班吗？就算美方能把这些心猿意马的跟班拉来搭台唱戏，也无法动摇中国捍卫国家利益的坚定意志，更无法改变“中国必须统一，也必然统一”的大势。台湾是一定要收回来的，#中国决不会在台湾问题上后退一寸# 。9月10日，中美两国元首通电话时，拜登总统重申，美方从无意改变一个中国政策。希望美方能够真正做到言必有信。
212,“警察，就是照进这个城市的光”，这一抹亮丽的“警察蓝”始终奋战在抗击疫情第一线！#抗击疫情##守护平安# 潍坊网警巡查执法的微博视频
213,【#德国新冠日增5万例再创新高#，欧洲德语区成疫苗接种“重灾区”】由于疫苗接种速度放缓，新冠疫情正在欧洲德语区加速传播，包括德国在内的欧洲德语区国家单日新增确诊连创新高。据法新社11月10日报道，德国政府证实，在10日24小时里，德国单日新增新冠确诊病例超过5万例，创下德国暴发疫情以来的最高纪录。除了德国以外，德语区的其他国家——瑞士、比利时和奥地利，新冠确诊病例也连创新高。对于欧洲德语区疫苗接种率低的原因，有媒体分析称，而德语区普遍存在的反疫苗论运动影响了这几个国家的疫苗接种率。
214,【外卖配送和快递从业人员新冠肺炎疫情健康防护指南来了！】#健康科普汇#生活环境的卫生防护16加强室内空气流通。在温度适宜时，宿舍尽量采用自然通风，或使用排气扇加强空气流通。如使用分体式空调，应当在使用空调前对其进行清洁，使用过程中每运行2-3个小时开门或开窗进行通风换气20-30分钟。17保持宿舍环境整洁。安装防蚊防蝇装置，及时清理垃圾和杂物。卫生间应当干净整洁，确保洗手设施运行正常，并配备洗手液等洗手用品；注意检查下水管道、卫生间地漏等的U型管水封，缺水时及时补水。18做好清洁消毒。对电脑键盘、鼠标等高频接触物体表面，每天定期清洁消毒，可用有效氯500mg/L的含氯消毒剂擦拭消毒，作用30分钟后用清水擦拭干净。地面可用有效氯500mg/L的含氯消毒剂擦拭或喷洒消毒，作用30分钟后，用清水擦净。19及时清洗工作服、保洁用品等，定期消毒。工作服、拖布和抹布可用有效氯500-1000mg/L的含氯消毒剂浸泡30分钟，然后按常规清洗，晾干存放。
215,【黑龙江一地发布通告：疫情防控期间禁止抵达边境前沿】鉴于当前周边国家及国内多点散发严峻的疫情形势，为切实做好绥芬河市新冠肺炎疫情防控工作，全力维护边境辖区安全稳定，保障人民群众生命健康安全，绥芬河市发布通告。详戳：黑龙江一地发布通告：疫情防控期间禁止抵达边境前沿
216,#9岁男孩做核酸认出医护妈妈互不打扰#一位志愿者小姐姐在街头用小喇叭“招人”做核酸，这是一份无法拒绝的热情！ 第二镜头的微博视频
217,#健康冀报# 【2021年11月13日河北省新型冠状病毒肺炎疫情情况】2021年11月13日0—24时，河北省新增新型冠状病毒肺炎确诊病例3例（辛集市，均在隔离点发现），无新增无症状感染者。截至11月13日24时，河北省现有确诊病例121例；尚在医学观察无症状感染者3例。
218,#辽宁新增60例本土确诊#大连情况有点严峻，这次疫情一开始是庄河冷链工人，然后是庄河大学城，然后，一个病例从庄河回中心城区，正好一个家电维修工去他家维修，家电维修工又去了很多地方……
219,【“一带一路”已经成为名副其实的健康“丝绸之路”】实践充分证明，“一带一路”已经成为当今世界深受欢迎的国际公共产品和国际合作平台。在中共中央就党的十九届六中全会精神举行的新闻发布会上，中央财经委员会办公室分管日常工作的副主任韩文秀表示，“共建‘一带一路’不是中国一家的独奏，而是共建国家的合唱。”据统计，截至2020年，我国与“一带一路”沿线国家贸易额累计超过9.2万亿美元，在沿线国家直接投资累计接近1400亿美元，我国已经向110多个国家和国际组织提供了超过17亿剂新冠疫苗，其中多数是共建“一带一路”的国家。韩文秀强调，“一带一路”已经成为名副其实的健康“丝绸之路”，为全球供应链稳定和基本民生提供了有力的保障，给沿线国家和人民带来实实在在的好处。（中青报·中青网 记者赵丽梅）
220,男团super junior成员神童确诊新冠，正在自我隔离。
221,看到新闻说中疾控发了《外卖配送和快递从业人员新冠肺炎疫情健康防护指南》，然后昨儿半夜咬着牙压着困意去官网搜没搜到
222,【#兰州市各级各类学校16日起逐步恢复线下教学#】记者13日晚从兰州市教育局获悉，经甘肃省、兰州市新冠肺炎疫情联防联控工作领导小组综合研判，从11月16日起，兰州市各级各类学校分区分类错峰恢复线下教学。（新华社）
223,【 #官方通报江西隔离宠物狗相关情况#】据@信州发布 消息，江西上饶发布关于信州区西市街道金凤花园小区“隔离宠物狗”相关情况的通报：工作人员未与该网民进行充分沟通，将宠物狗无害化处理，已被调离工作岗位，责令向当事人道歉。当居住区域出现疫情，需要进行集中隔离观察时，居民的宠物应当如何在防控疫情的前提下，进行人性化的管理？上海、广州、北京等地均有先例。 追踪 | 官方通报江西隔离宠物狗相关情况
224,【“英国经济，G7垫底”】脱欧叠加疫情，令英国经济复苏道阻且长。根据英国政府11月11日公布的最新经济数据，英国今年第三季度（7月至9月）国内生产总值（GDP）增长了1.3%，低于英国央行此前预估的1.5%。英国《卫报》和路透社称，这意味着英国经济复苏速度落后于G7中的其他国家。英国商会经济主管苏伦·蒂鲁（Suren Thiru）表示，受大量劳动力和供应链短缺影响，英国经济复苏“在第三季度失去了动力”。图1：路透社：英国经济，G7垫底英国国家统计局公布数据显示，据估计，英国GDP在2021年第三季度增长了1.3%，较上一季度（5.5%）显著下降。目前，英国的实际经济规模较2019年底疫情前水平低2.1%。在此之前，英国央行和路透社预估该国第三季度GDP增长1.5%。英国国家统计局称，鉴于英国进一步放松疫情限制和重新开放经济，第三季度GDP增长主要来源于服务业和医疗行业。在第三季度，英国服务业增长1.6%，基本恢复疫情前水平，其中住宿和餐饮服务增长了30%，艺术、娱乐和休闲服务增长了19.6%；医疗健康行业增长了3.5%；教育行业继续低迷，增长了0.4%；由于消费者支出疲软和供应链中断，批发和零售贸易行业下降2.5%。英国《卫报》和路透社称，这个数据意味着，英国经济复苏速度落后于G7中的其他国家。G7国家中的美国经济规模较2019年底疫情前水平高1.4%，欧元区则低0.5%。路透社还提到，这同时突显了英国央行面临的利率困境。10月底，英国央行新任首席经济学家预估英国的通胀率可能会超过“非常令人不安的”5%水平，进入以经济增长乏力和物价上涨为特征的 “滞胀” 时期。当时，英国出现明显滞胀现象，严重的劳动力短缺、超市货架空空如也、能源短缺以及价格上涨……然而，英国央行上周却“意外地”宣布利率不变，维持在0.1%的历史最低点，引发英国和全球债券市场震荡，英国国债收益率出现多年来最大波动。对于不甚理想的经济数据，英国商会经济主管苏伦·蒂鲁表示：“受大量劳动力和供应链短缺影响，英国经济复苏在第三季度失去了动力。”图2：英国当日新增确诊近4万例冬日已至，英国的疫情同样令人担忧。根据英国政府网站11日最新数据，英国当天较前一日新增约4万例确诊病例，新增214例死亡病例。截至目前，英国累计确诊超940万，累计死亡超14万。与此同时，英国已有4589万人完成疫苗接种，接种率达到79.9%。值此之际，英国卫生和社会工作大臣贾维德曾发出警告，如果未接种疫苗的人拒绝接种，那么今年冬天的单日确诊量可能会达到10万例。他呼吁民众需要尽快注射新冠疫苗和加强剂，以及注射流感疫苗。
225,#成都环球中心已恢复正常经营#3万余人核酸检测 均为阴性，成都 环球中心已恢复正常经营。#今日热门# 挖图志的微博视频
226,#双十一# 过后这几天，大家可能都会收到不少快递。虽然快递在运输过程中被病毒污染的可能性较小，但是鉴于目前国内疫情形势，大家收到快递时一定先要对包装和商品进行消毒，注意手部清洁，加强防护意识呀！#晚安啦各位#
227,【吉林省卫生健康委关于新型冠状病毒肺炎疫情情况通报（2021年11月12日公布）】11月11日0-24时，全省无新增境外输入确诊病例和无症状感染者。11月11日0-24时，全省新增本地无症状感染者1例，为吉林市报告，系11月11日通报的确诊病例的密切接触者，在集中隔离医学观察期间通过主动筛查发现。
228,【全文来了丨习近平在亚太经合组织第二十八次领导人非正式会议上的讲话】新华社北京11月12日电共同开创亚太经济合作新篇章——在亚太经合组织第二十八次领导人非正式会议上的讲话（2021年11月12日）中华人民共和国主席　习近平尊敬的阿德恩总理，各位同事：很高兴同大家见面。首先，我感谢阿德恩总理和新西兰政府为本次会议作出的努力。本次会议以“推动疫后经济复苏，实现亚太人民和子孙后代的共同繁荣”为主题，具有十分重要的意义。今年是中国加入亚太经合组织30周年。这30年，是中国深化改革、扩大开放的30年，也是亚太经济合作不断扩展的30年。亚太成为全球最具增长活力和发展潜力的地区，始终位于世界经济发展前沿，为世界经济增长和地区人民福祉作出了积极贡献。去年，我们在初步实现茂物目标基础上，通过了2040年布特拉加亚愿景，重申造福亚太人民的初心，提出建成开放、活力、强韧、和平的亚太共同体目标。今年，我们共同制定了愿景落实计划。我们要推进落实2040年愿景，构建开放包容、创新增长、互联互通、合作共赢的亚太命运共同体。重点要做好以下几件事。第一，推动抗疫合作和经济复苏。当前，新冠肺炎疫情形势依然严峻，世界经济在脆弱中艰难复苏。早日战胜疫情、恢复经济增长，是当前亚太各成员最重要的任务。要科学应对疫情，深化国际合作，促进疫苗研发、生产、公平分配，确保疫苗在发展中国家的可及性和可负担性，弥合“免疫鸿沟”。中国宣布全年将努力对外提供20亿剂疫苗，迄今已提供超过17亿剂，包括向110多个国家提供无偿捐赠。不久前，我在二十国集团领导人第十六次峰会上代表中国提出了全球疫苗合作行动倡议。中国已明确未来3年内提供30亿美元，用于支持发展中国家抗疫和恢复经济社会发展。中国欢迎亚太经合组织促进关键物资流通和人员安全往来倡议，将继续向“应对疫情和经济复苏”子基金提供支持，助力各成员恢复和发展经济。第二，构建开放型亚太经济。开放是亚太合作的生命线。要坚持开放的地区主义，以2040年愿景为指引，推进区域经济一体化，早日建成高水平亚太自由贸易区。要践行真正的多边主义，坚持对话而不对抗、包容而不排他、融合而不脱钩，坚定维护以世界贸易组织为核心的多边贸易体制。中国支持落实亚太经合组织《强化结构性改革议程》和《服务业竞争力路线图》。我们期待《区域全面经济伙伴关系协定》明年如期生效，已申请加入《全面与进步跨太平洋伙伴关系协定》。第三，促进创新增长和数字经济发展。创新是引领世界发展的重要动力。要坚持创新驱动大方向，点燃数字经济新引擎，让数字技术的成果惠及更多亚太地区人民。要全面平衡落实亚太经合组织《互联网和数字经济路线图》，为创新和生产力发展构建开放、公平、公正、非歧视的环境。要加强数字基础设施建设，加快数字转型，努力弥合“数字鸿沟”，推动数字经济全面发展。中国提出促进数字时代互联互通倡议，支持加强数字经济国际合作，已申请加入《数字经济伙伴关系协定》。第四，实现包容可持续发展。要坚持人与自然和谐共生，积极应对气候变化，促进绿色低碳转型，努力构建地球生命共同体。中国将力争2030年前实现碳达峰、2060年前实现碳中和，支持发展中国家发展绿色低碳能源。中国愿同有关各国一道，推进高质量共建“一带一路”。要全面落实联合国2030年可持续发展议程，让发展成果更多更公平惠及各国人民。今年9月，我在联合国大会上提出全球发展倡议，旨在推动全球发展迈向平衡协调包容新阶段，对推动亚太地区可持续发展具有重要意义。经济技术合作是亚太经合组织重要合作领域，应该加大投入力度，确保发展中成员从中受益，为亚太地区发展繁荣持续注入新动力。各位同事！今年是中国共产党成立100周年。让14亿多中国人民过上更加美好的生活、促进人类和平与发展，是中国共产党矢志不渝的奋斗目标。当前，中国已经开启全面建设社会主义现代化国家新征程。中国将坚定不移扩大对外开放，同世界和亚太各成员分享中国发展机遇。新西兰有一句毛利谚语：“成功从不是凭借个人，而是依靠集体。”中方愿同亚太各成员一道，积极推动构建亚太命运共同体，携手开创亚太经济合作新篇章。谢谢大家。#APEC第二十八次领导人非正式会议#
229,#新加坡疫情#截至11月13日中午12点，新加坡新增2304例，累计23万5480例。2539例痊愈，包括389例60岁以上的年长病患。社区病例过去一周与前一周的比率是0.98。(信息图来自卫生部)1574例在医院留医，大多数接受观察：-需要输氧：253例-病情不稳定并在加护病房接受密切监测：51例-病危且需在加护病房接受插管治疗：72例-目前，加护病房使用率为66.3%，398张床位中，254张已被使用过去28天通报的9万0186例本土病例中：-98.7%或8万9027例没有出现症状或症状轻微-0.8%或693例需要输氧，0.2%或149例病情不稳定且在加护病房接受密切监测，0.1%或113例病危且在加护病房留医-0.2%或204例病逝过去7天，每10万人中：-因病危在加护病房留医：已完成接种0.5，未完成接种5.4-逝世：已完成接种0.1，未完成接种0.9-60岁及以上病患因病危在加护病房留医：已完成接种1.9，未完成接种47.6-60岁及以上病患逝世：已完成接种0.4，未完成接种9.0截至11月12日，本地86%人口接种至少一剂冠病疫苗，85%人口完成两剂疫苗接种，20%已接种追加剂。 新加坡
230,#河北疫情#在封控区采核酸的医护趁人少的时候赶紧休息，或坐或躺在石阶上居民在楼上用无人机拍摄，可爱的大白比心回应，为辛集人民加油！你会在大街小巷的某个角落发现一二白色点点在移动，那就是我们可爱的大白 国民不得不看的微博视频
231,【转发须知！#这些高校或将提前放寒假#】近期，新冠肺炎疫情仍在全球肆虐，国内多地发生关联疫情，加上冬季因素的叠加影响，疫情防控形势愈发紧张。11日，#辽宁新增52例本土确诊#。为进一步完善防疫措施，做好校园疫情防控，部分高校调整寒假安排↓↓时间表实时更新，看看有没有你学校>>
232,【#大连庄河公安全警战“疫”# 】#大连战疫# 在这场没有硝烟的战斗中，他们是父母，是子女，更是战士！他们冲锋在巡逻劝导一线，战斗在人员排查一线，奔波在社区防控一线，坚守在隔离卡点一线……不惧生死、义无反顾，疫情不退、警察不退！ #大连加油# 大连公安的微博视频
233,#郑州本轮疫情为家庭和学校传播#郑州本轮疫情主要有家庭传播和学校传播2条传播链，风险可控#今日热门# 破折号的微博视频
234,#抗击疫情 央企行动# 【江西首座气膜实验室建成投用】11月10日，江西首座气膜实验室“猎鹰号”搭建完成并投入使用，该实验室由“一组五仓”构成，面积超过1000平方米，一组气膜24小时产能达8万管，可为80万人提供核酸检测。@中国铁建
235,#关注新冠肺炎# 昨日新增本土病例70例，其中：辽宁60例，均在大连市；河北3例，均在辛集市；黑龙江2例，均在黑河市；江西2例，均在上饶市；云南2例，均在德宏傣族景颇族自治州；四川1例，在成都市。报告新增本土无症状感染者8例，其中：江西7例，均在上饶市；云南1例，在德宏傣族景颇族自治州。#新冠病毒Covid19源自哪里##Delta变异病毒扩散全球#
236,宅在家的妈妈都在炸油条， 不加泡打粉照样蓬松酥脆，今天做法和配方全告诉你，。疫情结束后，也不要去外面买油条了，其实外面的很不健康！   最暖心的视频的微博视频
237,很荣幸成为#留学季#澳大利亚周代言人这个头衔对我来说意味着很多。回国已经一年了，我依然很怀念在墨尔本的留学生活。我见证过18-19年墨尔本的繁华街头，我用镜头记录过2020年的澳洲封城日记。我感谢墨尔本这座城市，也感谢在澳期间支持我的你们。我会推荐大家在适合的时期，选择去疫情稳定的城市留学，比如澳洲有很多零增城市。当一切稳定后，我也会推荐大家去一次墨尔本。这座南半球文化之都-墨尔本，会让人永远怀念 北京
238,#辽宁好网民抗疫在行动# 【与子同袍、共克时艰！庄河公安全警战“疫”、为爱守护】在这场没有硝烟的战斗中，他们冲锋在巡逻劝导一线，战斗在人员排查一线，奔波在社区防控一线，坚守在隔离卡点一线……不惧生死、义无反顾，疫情不退、警察不退！ 新浪辽宁的微博视频
239,【战疫加油！国家卫健委：#大连疫情未扩散到本市以外#】国家卫生健康委疾控局副局长吴良有：大连疫情近日发展较快，#大连疫情处于胶着期#，病例主要集中在庄河市，没有扩散到大连市之外的地区。北京-吉林关联疫情的感染人数局限，风险场所和风险人群的调查与管控措施正有序进行。（央视新闻） 央视新闻的微博视频
240,#辽宁新增52例本土确诊#【地表最快来了！#沈阳启用高铁装运防疫物资#全力满足大连疫情防控需求】当前，辽宁省疫情防控形势严峻复杂，为确保防疫物资及时运往大连，中国铁路沈阳局集团有限公司紧急启用高铁列车装运防疫物资，全力满足大连疫情防控需求。11月8日，大连市卫健委在沈阳采购了一批防疫物资，为确保防疫物资及时运往大连，铁路部门采取动检列车加图定高铁列车的运输方式，优先承运办理、优先安排运力、优先组织开行；同时协调中铁快运沈阳分公司全程开辟绿色通道，全力保障防疫物资快速运达。据了解，这是沈阳局集团公司通过高铁运抵大连的第三批防疫物资，截至目前已累计运输290件。无惧风雪！抗击疫情！#辽宁好网民抗疫在行动# @沈阳铁路
241,【2021年11月13日0时至24时辽宁新型冠状病毒肺炎疫情情况】11月13日0时至24时，辽宁省新增60例本土新冠肺炎确诊病例，为大连市报告；新增1例境外输入新冠肺炎确诊病例（为无症状感染者转归），为沈阳市报告。新增治愈出院境外输入无症状感染者1例。截至11月13日24时，全省累计报告确诊病例707例（含境外输入142例），治愈出院463例，死亡2例，在院治疗242例(本土235例、境外输入7例)。目前，尚有70例（本土54例、境外输入16例）无症状感染者在定点医院隔离治疗。信息来源：省卫生健康委网站
242,#辽宁好网民抗疫在行动#【跨越3000公里！这箱快递牵动着很多人的心】远隔约3000公里的深圳，90后奶爸朱先生心急如焚。他10多个月大的宝宝，跟着爷爷奶奶在老家大连庄河。但宝宝的奶粉现在没有了，宝宝换个奶粉还不适应，直拉肚子。他网上购买奶粉，但现在快递又不到庄河了，他着急得不行。令他感动的是，他将自己遭遇在微博上分享，不到一天的时间，就有志愿者和爱心公益组织向他伸出了援手。一箱4盒奶粉，就在志愿者们辗转的爱心传递中，顺利的交到了孩子爷爷的手中 。 
243,#抗炎科技日志# 【#卫健委称要坚持动态清零目标#】13日，国务院联防联控机制举行新闻发布会，国家卫健委新闻发言人米锋：截至目前，#本轮疫情已波及全国21省份#。随着冬季来临、气温降低，新冠肺炎疫情与流感等呼吸道传染病叠加流行的风险增加。坚持动态清零的防疫目标，做到及早发现、快速处置、精准管控、有效救治，确保疫情不出现规模性的输入和反弹，强化疫情防控。人民日报的微博视频
244,【#封校后百名学生和宿管阿姨跳广场舞#：像提前步入了老年生活】11月13日，河南郑州。一高校的几名宿管在广场上跳舞，没想到引来上百名学生加入，场面欢快和谐。宿管阿姨说，现在疫情封校，原本想自己热身锻炼一下，没想到学生也喜欢，有些学生走的时候还觉得跳得不尽兴。同学们表示：跳完感觉全身热血沸腾，像提前步入了老年生活。@沸点拍客 郑州#蓝v视界# 沸点拍客的微博视频
245,“踩红点 走鸿运”，志愿者自编顺口溜，喊话市民核酸检测保持安全距离！ 武汉交通广播的微博视频
246,#辽宁新增60例本土确诊#希望大家出门可以随身携带一个小的酒精喷壶，不管去哪，或者取快递，都可以喷一下，这样相对安全些！我就每天带着一个放在包包里，快递取到后直接喷，然后走到家楼下垃圾箱那把外包装直接扔掉，到家门口后再喷杀一次！记得回家后要洗手！
247,#疫情期间异地恋如何见面#女友在深圳，男友在香港，明明不远却又很远（cr：深圳卫健委）#乐暖冬日计划# 松鼠视频的微博视频
248,【#张文宏称中国不会盲目开放或封锁#】11月12日，第五届海南国际健康产业博览会在海南海口开幕。张文宏在发表演讲时表示，新冠肺炎疫情不会彻底消失，即便疫苗接种达到非常高的水平，仍需实施强大的公共卫生政策，我们国家不会盲目地开放，也不会盲目地封锁。接下来，在没有达成自然感染群体免疫的情况下，就要由接种疫苗达到有效的群体免疫。 看看新闻KNEWS的微博视频
249,#郑州本轮疫情为家庭和学校传播#郑州本轮疫情主要为家庭传播和学校传播 整体传播风险可控#今日热门# 破折号的微博视频
250,【#隔离小区孩子们互相加油打气#，引来阵阵叫好】11月10日，河北石家庄辛集市一封控小区内，孩子们互相打气的“加油”声此起彼伏，居民高唱《五星红旗迎风飘扬》引来其他业主的阵阵叫好。不少业主表示，看到此场景瞬间泪目，希望疫情早日结束。 九派新闻的微博视频 （九派新闻）
